site,treatment,date,year,month,jdate,sample_point,rep,pan_colour,sp,genus,species,sex
LHF,AF,19/03/2011,2011,3,18,1,NA,w,Andrena_bicolor,Andrena,bicolor,f
LHF,AF,19/03/2011,2011,3,18,1,NA,y,Andrena_bicolor,Andrena,bicolor,f
LHF,AF,19/03/2011,2011,3,18,2,NA,y,Andrena_bicolor,Andrena,bicolor,f
LHF,AF,19/03/2011,2011,3,18,2,NA,y,Lasioglossum_malachurum,Lasioglossum,malachurum,f
LHF,AF,19/03/2011,2011,3,18,5,NA,y,Andrena_bicolor,Andrena,bicolor,f
LHF,AF,19/03/2011,2011,3,18,6,NA,y,Andrena_bicolor,Andrena,bicolor,m
LHF,AF,27/04/2011,2011,4,57,1,NA,y,Andrena_nitida,Andrena,nitida,f
LHF,AF,27/04/2011,2011,4,57,3,NA,y,Lasioglossum_lativentre,Lasioglossum,lativentre,m
LHF,AF,27/04/2011,2011,4,57,5,NA,y,Lasioglossum_calceatum,Lasioglossum,calceatum,f
LHF,AF,27/04/2011,2011,4,57,5,NA,y,Andrena_haemorrhoa,Andrena,haemorrhoa,f
LHF,AF,27/04/2011,2011,4,57,5,NA,y,Andrena_chrysosceles,Andrena,chrysosceles,f
LHF,AF,27/04/2011,2011,4,57,6,NA,w,Andrena_cineraria,Andrena,cineraria,NA
LHF,AF,27/04/2011,2011,4,57,6,NA,y,Nomada_flava,Nomada,flava,f
LHF,AF,19/05/2011,2011,5,79,1,NA,y,Lasioglossum_calceatum,Lasioglossum,calceatum,f
LHF,AF,19/05/2011,2011,5,79,5,NA,w,Andrena_cineraria,Andrena,cineraria,f
LHF,AF,19/05/2011,2011,5,79,5,NA,w,Andrena_chrysosceles,Andrena,chrysosceles,f
LHF,AF,19/05/2011,2011,5,79,5,NA,w,Andrena_chrysosceles,Andrena,chrysosceles,f
LHF,AF,19/05/2011,2011,5,79,5,NA,y,Lasioglossum_albipes,Lasioglossum,albipes,f
LHF,AF,19/05/2011,2011,5,79,5,NA,y,Lasioglossum_albipes,Lasioglossum,albipes,f
LHF,AF,19/05/2011,2011,5,79,5,NA,y,Andrena_cineraria,Andrena,cineraria,f
LHF,AF,19/05/2011,2011,5,79,6,NA,b,Osmia_bicolor,Osmia,bicolor,f
LHF,AF,19/05/2011,2011,5,79,6,NA,w,Andrena_cineraria,Andrena,cineraria,f
LHF,AF,19/05/2011,2011,5,79,6,NA,y,Halictus_rubicundus,Halictus,rubicundus,f
LHF,AF,19/05/2011,2011,5,79,6,NA,y,Lasioglossum_fulvicorne,Lasioglossum,fulvicorne,f
LHF,AF,19/05/2011,2011,5,79,6,NA,y,Andrena_chrysosceles,Andrena,chrysosceles,f
LHF,AF,29/06/2011,2011,6,120,4,NA,b,Lasioglossum_calceatum,Lasioglossum,calceatum,f
LHF,AF,29/06/2011,2011,6,120,4,NA,b,Lasioglossum_calceatum,Lasioglossum,calceatum,f
LHF,AF,29/06/2011,2011,6,120,4,NA,y,Lasioglossum_parvulum,Lasioglossum,parvulum,f
LHF,AF,29/06/2011,2011,6,120,4,NA,y,Halictus_rubicundus,Halictus,rubicundus,f
LHF,AF,29/06/2011,2011,6,120,6,NA,y,Lasioglossum_calceatum,Lasioglossum,calceatum,f
LHF,AF,19/07/2011,2011,7,140,3,NA,b,Lasioglossum_calceatum,Lasioglossum,calceatum,m
LHF,AF,19/07/2011,2011,7,140,6,NA,b,Andrena_bicolor,Andrena,bicolor,m
LHF,AF,19/07/2011,2011,7,140,6,NA,w,Lasioglossum_calceatum,Lasioglossum,calceatum,f
LHF,AF,28/08/2011,2011,8,180,4,NA,y,Lasioglossum_albipes,Lasioglossum,albipes,f
LHF,MC,19/03/2011,2011,3,18,2,NA,b,Andrena_bicolor,Andrena,bicolor,f
LHF,MC,19/03/2011,2011,3,18,6,NA,y,Andrena_bicolor,Andrena,bicolor,f
LHF,MC,27/04/2011,2011,4,57,4,NA,y,Lasioglossum_calceatum,Lasioglossum,calceatum,f
LHF,MC,19/05/2011,2011,5,79,1,NA,w,Andrena_cineraria,Andrena,cineraria,f
LHF,MC,19/05/2011,2011,5,79,1,NA,w,Andrena_cineraria,Andrena,cineraria,f
LHF,MC,19/05/2011,2011,5,79,1,NA,w,Halictus_rubicundus,Halictus,rubicundus,f
LHF,MC,19/05/2011,2011,5,79,2,NA,y,Hylaeus_confusus,Hylaeus,confusus,f
LHF,MC,19/05/2011,2011,5,79,3,NA,w,Andrena_cineraria,Andrena,cineraria,f
LHF,MC,19/05/2011,2011,5,79,4,NA,y,Lasioglossum_calceatum,Lasioglossum,calceatum,f
LHF,MC,19/05/2011,2011,5,79,6,NA,b,Andrena_cineraria,Andrena,cineraria,f
LHF,MC,19/05/2011,2011,5,79,6,NA,y,Andrena_haemorrhoa,Andrena,haemorrhoa,f
LHF,MC,19/05/2011,2011,5,79,6,NA,y,Halictus_rubicundus,Halictus,rubicundus,f
LHF,MC,29/06/2011,2011,6,120,4,NA,b,Nomada_fabriciana,Nomada,fabriciana,m
LHF,MC,29/06/2011,2011,6,120,5,NA,y,Lasioglossum_calceatum,Lasioglossum,calceatum,f
LHF,MC,29/06/2011,2011,6,120,6,NA,y,Lasioglossum_calceatum,Lasioglossum,calceatum,f
LHF,MC,19/07/2011,2011,7,140,1,NA,y,Lasioglossum_calceatum,Lasioglossum,calceatum,f
LHF,MC,19/07/2011,2011,7,140,2,NA,y,Lasioglossum_calceatum,Lasioglossum,calceatum,f
LHF,MC,19/07/2011,2011,7,140,2,NA,y,Lasioglossum_malachurum,Lasioglossum,malachurum,f
LHF,MC,19/07/2011,2011,7,140,2,NA,y,Lasioglossum_malachurum,Lasioglossum,malachurum,f
LHF,MC,19/07/2011,2011,7,140,3,NA,y,Lasioglossum_malachurum,Lasioglossum,malachurum,f
LHF,MC,19/07/2011,2011,7,140,4,NA,w,Lasioglossum_calceatum,Lasioglossum,calceatum,f
LHF,MC,19/07/2011,2011,7,140,5,NA,y,Lasioglossum_malachurum,Lasioglossum,malachurum,f
LHF,MC,19/07/2011,2011,7,140,6,NA,y,Lasioglossum_malachurum,Lasioglossum,malachurum,f
LHF,MC,19/07/2011,2011,7,140,6,NA,y,Lasioglossum_calceatum,Lasioglossum,calceatum,f
LHF,MC,19/07/2011,2011,7,140,6,NA,y,Lasioglossum_malachurum,Lasioglossum,malachurum,f
LHF,MC,28/08/2011,2011,8,180,4,NA,b,Lasioglossum_lativentre,Lasioglossum,lativentre,f
LHF,MC,28/08/2011,2011,8,180,5,NA,b,Andrena_flavipes,Andrena,flavipes,f
CE,AF,24/05/2011,2011,5,84,3,NA,w,Andrena_minutula,Andrena,minutula,f
CE,AF,24/05/2011,2011,5,84,5,NA,b,Andrena_chrysosceles,Andrena,chrysosceles,f
CE,AF,24/05/2011,2011,5,84,5,NA,w,Andrena_chrysosceles,Andrena,chrysosceles,f
CE,AF,20/06/2011,2011,6,111,4,NA,b,Anthophora_furcata,Anthophora,furcata,f
CE,AF,15/07/2011,2011,7,136,5,NA,b,Lasioglossum_morio,Lasioglossum,morio,m
CE,AF,15/08/2011,2011,8,167,1,NA,w,Megachile_ligniseca,Megachile,ligniseca,f
CE,AF,15/08/2011,2011,8,167,2,NA,w,Lasioglossum_calceatum,Lasioglossum,calceatum,m
CE,AF,15/08/2011,2011,8,167,2,NA,w,Lasioglossum_lativentre,Lasioglossum,lativentre,f
CE,AF,15/08/2011,2011,8,167,2,NA,w,Lasioglossum_smeathmanellum,Lasioglossum,smeathmanellum,f
CE,AF,15/08/2011,2011,8,167,2,NA,w,Andrena_minutula,Andrena,minutula,m
CE,AF,15/08/2011,2011,8,167,2,NA,y,Andrena_minutula,Andrena,minutula,f
CE,AF,15/08/2011,2011,8,167,3,NA,b,Lasioglossum_lativentre,Lasioglossum,lativentre,m
CE,AF,15/08/2011,2011,8,167,3,NA,y,Andrena_minutula,Andrena,minutula,f
CE,AF,02/09/2011,2011,9,185,3,NA,w,Lasioglossum_lativentre,Lasioglossum,lativentre,m
CE,AF,02/09/2011,2011,9,185,4,NA,w,Lasioglossum_lativentre,Lasioglossum,lativentre,m
CE,AF,02/09/2011,2011,9,185,6,NA,w,Megachile_ligniseca,Megachile,ligniseca,f
CE,MC,24/05/2011,2011,5,84,2,NA,b,Andrena_minutula,Andrena,minutula,f
CE,MC,24/05/2011,2011,5,84,6,NA,w,Halictus_tumulorum,Halictus,tumulorum,f
CE,MC,02/09/2011,2011,9,185,1,NA,w,Andrena_minutula,Andrena,minutula,f
RR,AF,12/04/2011,2011,4,42,2,NA,b,Lasioglossum_calceatum,Lasioglossum,calceatum,f
RR,AF,22/05/2012,2012,5,82,5,a,b,Andrena_angustior,Andrena,angustior,f
RR,AF,22/05/2012,2012,5,82,5,a,w,Lasioglossum_calceatum,Lasioglossum,calceatum,f
RR,AF,22/05/2012,2012,5,82,5,a,y,Lasioglossum_calceatum,Lasioglossum,calceatum,f
RR,AF,22/05/2012,2012,5,82,6,b,w,Andrena_angustior,Andrena,angustior,f
RR,MC,09/08/2011,2011,8,161,6,NA,y,Hylaeus_dilatatus,Hylaeus,dilatatus,f
RR,MC,09/08/2011,2011,8,161,6,NA,y,Andrena_bicolor,Andrena,bicolor,NA
RR,MC,01/09/2011,2011,9,184,1,NA,y,Hylaeus_annularis,Hylaeus,annularis,f
RR,MC,22/05/2012,2012,5,82,1,a,y,Lasioglossum_calceatum,Lasioglossum,calceatum,f
RR,MC,22/05/2012,2012,5,82,1,b,y,Lasioglossum_calceatum,Lasioglossum,calceatum,f
RR,MC,22/05/2012,2012,5,82,4,a,w,Lasioglossum_calceatum,Lasioglossum,calceatum,f
RR,MC,22/05/2012,2012,5,82,4,a,y,Lasioglossum_calceatum,Lasioglossum,calceatum,f
RR,MC,19/06/2012,2012,6,110,1,a,y,Andrena_angustior,Andrena,angustior,f
RR,MC,19/06/2012,2012,6,110,1,a,y,Halictus_rubicundus,Halictus,rubicundus,f
RR,MC,19/06/2012,2012,6,110,2,a,w,Lasioglossum_albipes,Lasioglossum,albipes,f
RR,MC,19/06/2012,2012,6,110,4,b,w,Andrena_angustior,Andrena,angustior,f
RR,MC,19/06/2012,2012,6,110,4,b,w,Lasioglossum_calceatum,Lasioglossum,calceatum,f
RR,MC,19/06/2012,2012,6,110,6,a,w,Andrena_angustior,Andrena,angustior,NA
RR,MC,22/08/2012,2012,8,174,1,b,w,Lasioglossum_calceatum,Lasioglossum,calceatum,m
RR,MC,22/08/2012,2012,8,174,3,a,y,Chelostoma_florisomne,Chelostoma,florisomne,f
SD,AF,24/03/2011,2011,3,23,1,NA,b,Osmia_bicolor,Osmia,bicolor,m
SD,AF,24/03/2011,2011,3,23,2,NA,y,Andrena_nitida,Andrena,nitida,f
SD,AF,24/03/2011,2011,3,23,3,NA,y,Andrena_bicolor,Andrena,bicolor,f
SD,AF,24/03/2011,2011,3,23,4,NA,y,Andrena_chrysosceles,Andrena,chrysosceles,f
SD,AF,24/03/2011,2011,3,23,6,NA,y,Nomada_fabriciana,Nomada,fabriciana,f
SD,AF,25/05/2011,2011,5,85,1,NA,w,Lasioglossum_albipes,Lasioglossum,albipes,f
SD,AF,25/05/2011,2011,5,85,1,NA,y,Lasioglossum_leucopus,Lasioglossum,leucopus,f
SD,AF,25/05/2011,2011,5,85,3,NA,b,Andrena_cineraria,Andrena,cineraria,NA
SD,AF,25/05/2011,2011,5,85,5,NA,b,Lasioglossum_calceatum,Lasioglossum,calceatum,f
SD,AF,25/05/2011,2011,5,85,6,NA,y,Andrena_cineraria,Andrena,cineraria,f
SD,AF,24/06/2011,2011,6,115,5,NA,y,Andrena_bicolor,Andrena,bicolor,f
SD,AF,22/07/2011,2011,7,143,1,NA,y,Nomada_fabriciana,Nomada,fabriciana,m
SD,AF,22/07/2011,2011,7,143,4,NA,w,Lasioglossum_calceatum,Lasioglossum,calceatum,f
SD,AF,22/07/2011,2011,7,143,5,NA,b,Lasioglossum_calceatum,Lasioglossum,calceatum,f
SD,AF,22/07/2011,2011,7,143,5,NA,w,Andrena_bicolor,Andrena,bicolor,f
SD,AF,22/07/2011,2011,7,143,5,NA,y,Andrena_flavipes,Andrena,flavipes,f
SD,AF,22/07/2011,2011,7,143,6,NA,w,Lasioglossum_calceatum,Lasioglossum,calceatum,f
SD,AF,22/07/2011,2011,7,143,6,NA,y,Lasioglossum_calceatum,Lasioglossum,calceatum,f
SD,AF,22/07/2011,2011,7,143,6,NA,y,Andrena_minutula,Andrena,minutula,f
SD,AF,13/05/2012,2012,5,73,1,a,b,Osmia_bicolor,Osmia,bicolor,m
SD,AF,13/05/2012,2012,5,73,1,a,b,Lasioglossum_calceatum,Lasioglossum,calceatum,f
SD,AF,13/05/2012,2012,5,73,1,b,b,Osmia_bicolor,Osmia,bicolor,f
SD,AF,13/05/2012,2012,5,73,1,b,b,Lasioglossum_calceatum,Lasioglossum,calceatum,f
SD,AF,13/05/2012,2012,5,73,1,b,b,Lasioglossum_malachurum,Lasioglossum,malachurum,f
SD,AF,13/05/2012,2012,5,73,1,b,b,Andrena_bicolor,Andrena,bicolor,f
SD,AF,13/05/2012,2012,5,73,1,a,w,Osmia_bicolor,Osmia,bicolor,f
SD,AF,13/05/2012,2012,5,73,1,a,w,Osmia_bicolor,Osmia,bicolor,f
SD,AF,13/05/2012,2012,5,73,1,b,w,Osmia_bicolor,Osmia,bicolor,f
SD,AF,13/05/2012,2012,5,73,1,b,w,Andrena_chrysosceles,Andrena,chrysosceles,m
SD,AF,13/05/2012,2012,5,73,1,a,y,Osmia_bicolor,Osmia,bicolor,f
SD,AF,13/05/2012,2012,5,73,1,a,y,Andrena_haemorrhoa,Andrena,haemorrhoa,m
SD,AF,13/05/2012,2012,5,73,1,a,y,Nomada_lathburiana,Nomada,lathburiana,m
SD,AF,13/05/2012,2012,5,73,1,a,y,Nomada_fabriciana,Nomada,fabriciana,f
SD,AF,13/05/2012,2012,5,73,1,b,y,Lasioglossum_calceatum,Lasioglossum,calceatum,f
SD,AF,13/05/2012,2012,5,73,2,a,b,Osmia_bicolor,Osmia,bicolor,f
SD,AF,13/05/2012,2012,5,73,2,a,b,Osmia_bicolor,Osmia,bicolor,f
SD,AF,13/05/2012,2012,5,73,2,a,b,Osmia_bicolor,Osmia,bicolor,f
SD,AF,13/05/2012,2012,5,73,2,a,b,Osmia_bicolor,Osmia,bicolor,f
SD,AF,13/05/2012,2012,5,73,2,a,b,Lasioglossum_calceatum,Lasioglossum,calceatum,f
SD,AF,13/05/2012,2012,5,73,2,b,b,Osmia_bicolor,Osmia,bicolor,f
SD,AF,13/05/2012,2012,5,73,2,b,b,Osmia_bicolor,Osmia,bicolor,f
SD,AF,13/05/2012,2012,5,73,2,b,b,Osmia_bicolor,Osmia,bicolor,f
SD,AF,13/05/2012,2012,5,73,2,b,b,Osmia_bicolor,Osmia,bicolor,f
SD,AF,13/05/2012,2012,5,73,2,b,b,Lasioglossum_calceatum,Lasioglossum,calceatum,f
SD,AF,13/05/2012,2012,5,73,2,a,w,Andrena_cineraria,Andrena,cineraria,f
SD,AF,13/05/2012,2012,5,73,2,a,w,Osmia_bicolor,Osmia,bicolor,f
SD,AF,13/05/2012,2012,5,73,2,b,w,Andrena_cineraria,Andrena,cineraria,f
SD,AF,13/05/2012,2012,5,73,2,b,w,Andrena_cineraria,Andrena,cineraria,f
SD,AF,13/05/2012,2012,5,73,2,b,w,Andrena_cineraria,Andrena,cineraria,f
SD,AF,13/05/2012,2012,5,73,2,b,w,Osmia_bicolor,Osmia,bicolor,f
SD,AF,13/05/2012,2012,5,73,2,a,y,Osmia_bicolor,Osmia,bicolor,f
SD,AF,13/05/2012,2012,5,73,2,a,y,Osmia_bicolor,Osmia,bicolor,f
SD,AF,13/05/2012,2012,5,73,2,a,y,Osmia_bicolor,Osmia,bicolor,f
SD,AF,13/05/2012,2012,5,73,2,a,y,Andrena_haemorrhoa,Andrena,haemorrhoa,f
SD,AF,13/05/2012,2012,5,73,2,a,y,Andrena_nigroaenea,Andrena,nigroaenea,f
SD,AF,13/05/2012,2012,5,73,2,a,y,Andrena_haemorrhoa,Andrena,haemorrhoa,m
SD,AF,13/05/2012,2012,5,73,2,a,y,Lasioglossum_calceatum,Lasioglossum,calceatum,f
SD,AF,13/05/2012,2012,5,73,2,b,y,Osmia_bicolor,Osmia,bicolor,f
SD,AF,13/05/2012,2012,5,73,2,b,y,Osmia_bicolor,Osmia,bicolor,f
SD,AF,13/05/2012,2012,5,73,2,b,y,Lasioglossum_malachurum,Lasioglossum,malachurum,f
SD,AF,13/05/2012,2012,5,73,3,a,b,Andrena_nigroaenea,Andrena,nigroaenea,f
SD,AF,13/05/2012,2012,5,73,3,a,b,Andrena_bicolor,Andrena,bicolor,f
SD,AF,13/05/2012,2012,5,73,3,b,b,Andrena_cineraria,Andrena,cineraria,f
SD,AF,13/05/2012,2012,5,73,3,b,b,Osmia_bicolor,Osmia,bicolor,f
SD,AF,13/05/2012,2012,5,73,3,b,b,Osmia_bicolor,Osmia,bicolor,f
SD,AF,13/05/2012,2012,5,73,3,b,b,Andrena_haemorrhoa,Andrena,haemorrhoa,f
SD,AF,13/05/2012,2012,5,73,3,b,b,Lasioglossum_calceatum,Lasioglossum,calceatum,f
SD,AF,13/05/2012,2012,5,73,3,a,w,Osmia_bicolor,Osmia,bicolor,f
SD,AF,13/05/2012,2012,5,73,3,a,w,Osmia_bicolor,Osmia,bicolor,f
SD,AF,13/05/2012,2012,5,73,3,a,w,Osmia_bicolor,Osmia,bicolor,f
SD,AF,13/05/2012,2012,5,73,3,a,w,Osmia_bicolor,Osmia,bicolor,f
SD,AF,13/05/2012,2012,5,73,3,a,w,Osmia_bicolor,Osmia,bicolor,f
SD,AF,13/05/2012,2012,5,73,3,a,w,Osmia_bicolor,Osmia,bicolor,f
SD,AF,13/05/2012,2012,5,73,3,a,w,Osmia_bicolor,Osmia,bicolor,f
SD,AF,13/05/2012,2012,5,73,3,a,w,Andrena_cineraria,Andrena,cineraria,f
SD,AF,13/05/2012,2012,5,73,3,b,w,Osmia_bicolor,Osmia,bicolor,f
SD,AF,13/05/2012,2012,5,73,3,b,w,Osmia_bicolor,Osmia,bicolor,f
SD,AF,13/05/2012,2012,5,73,3,b,w,Andrena_bicolor,Andrena,bicolor,f
SD,AF,13/05/2012,2012,5,73,3,b,w,Lasioglossum_calceatum,Lasioglossum,calceatum,f
SD,AF,13/05/2012,2012,5,73,3,a,y,Osmia_bicolor,Osmia,bicolor,f
SD,AF,13/05/2012,2012,5,73,3,a,y,Osmia_bicolor,Osmia,bicolor,f
SD,AF,13/05/2012,2012,5,73,3,a,y,Osmia_bicolor,Osmia,bicolor,f
SD,AF,13/05/2012,2012,5,73,3,a,y,Andrena_haemorrhoa,Andrena,haemorrhoa,f
SD,AF,13/05/2012,2012,5,73,3,a,y,Andrena_nigroaenea,Andrena,nigroaenea,f
SD,AF,13/05/2012,2012,5,73,3,a,y,Andrena_nigroaenea,Andrena,nigroaenea,f
SD,AF,13/05/2012,2012,5,73,3,a,y,Lasioglossum_calceatum,Lasioglossum,calceatum,f
SD,AF,13/05/2012,2012,5,73,3,a,y,Lasioglossum_calceatum,Lasioglossum,calceatum,f
SD,AF,13/05/2012,2012,5,73,3,b,y,Osmia_bicolor,Osmia,bicolor,f
SD,AF,13/05/2012,2012,5,73,3,b,y,Osmia_bicolor,Osmia,bicolor,f
SD,AF,13/05/2012,2012,5,73,3,b,y,Lasioglossum_calceatum,Lasioglossum,calceatum,f
SD,AF,13/05/2012,2012,5,73,3,b,y,Andrena_haemorrhoa,Andrena,haemorrhoa,f
SD,AF,13/05/2012,2012,5,73,4,a,b,Andrena_carantonica,Andrena,carantonica,f
SD,AF,13/05/2012,2012,5,73,4,b,b,Andrena_nigroaenea,Andrena,nigroaenea,f
SD,AF,13/05/2012,2012,5,73,4,b,b,Lasioglossum_calceatum,Lasioglossum,calceatum,f
SD,AF,13/05/2012,2012,5,73,4,b,b,Andrena_cineraria,Andrena,cineraria,f
SD,AF,13/05/2012,2012,5,73,4,b,b,Andrena_haemorrhoa,Andrena,haemorrhoa,f
SD,AF,13/05/2012,2012,5,73,4,b,b,Andrena_haemorrhoa,Andrena,haemorrhoa,m
SD,AF,13/05/2012,2012,5,73,4,b,b,Andrena_nigroaenea,Andrena,nigroaenea,f
SD,AF,13/05/2012,2012,5,73,4,b,b,Andrena_nigroaenea,Andrena,nigroaenea,f
SD,AF,13/05/2012,2012,5,73,4,b,b,Andrena_nigroaenea,Andrena,nigroaenea,f
SD,AF,13/05/2012,2012,5,73,4,b,b,Lasioglossum_calceatum,Lasioglossum,calceatum,f
SD,AF,13/05/2012,2012,5,73,4,b,b,Lasioglossum_calceatum,Lasioglossum,calceatum,f
SD,AF,13/05/2012,2012,5,73,4,b,b,Osmia_bicolor,Osmia,bicolor,f
SD,AF,13/05/2012,2012,5,73,4,b,b,Osmia_bicolor,Osmia,bicolor,f
SD,AF,13/05/2012,2012,5,73,4,b,b,Osmia_bicolor,Osmia,bicolor,f
SD,AF,13/05/2012,2012,5,73,4,b,b,Osmia_bicolor,Osmia,bicolor,f
SD,AF,13/05/2012,2012,5,73,4,b,b,Osmia_bicolor,Osmia,bicolor,f
SD,AF,13/05/2012,2012,5,73,4,b,b,Osmia_bicolor,Osmia,bicolor,f
SD,AF,13/05/2012,2012,5,73,4,b,b,Andrena_bicolor,Andrena,bicolor,f
SD,AF,13/05/2012,2012,5,73,4,a,w,Osmia_bicolor,Osmia,bicolor,f
SD,AF,13/05/2012,2012,5,73,4,a,w,Andrena_nitida,Andrena,nitida,m
SD,AF,13/05/2012,2012,5,73,4,b,w,Osmia_bicolor,Osmia,bicolor,f
SD,AF,13/05/2012,2012,5,73,4,b,w,Andrena_cineraria,Andrena,cineraria,f
SD,AF,13/05/2012,2012,5,73,4,b,w,Andrena_cineraria,Andrena,cineraria,f
SD,AF,13/05/2012,2012,5,73,4,b,w,Andrena_cineraria,Andrena,cineraria,f
SD,AF,13/05/2012,2012,5,73,4,b,w,Andrena_cineraria,Andrena,cineraria,f
SD,AF,13/05/2012,2012,5,73,4,b,w,Andrena_cineraria,Andrena,cineraria,m
SD,AF,13/05/2012,2012,5,73,4,b,w,Andrena_nigroaenea,Andrena,nigroaenea,f
SD,AF,13/05/2012,2012,5,73,4,b,w,Andrena_nitida,Andrena,nitida,f
SD,AF,13/05/2012,2012,5,73,4,b,w,Lasioglossum_calceatum,Lasioglossum,calceatum,f
SD,AF,13/05/2012,2012,5,73,4,a,y,Osmia_bicolor,Osmia,bicolor,f
SD,AF,13/05/2012,2012,5,73,4,a,y,Osmia_bicolor,Osmia,bicolor,f
SD,AF,13/05/2012,2012,5,73,4,a,y,Osmia_bicolor,Osmia,bicolor,f
SD,AF,13/05/2012,2012,5,73,4,a,y,Osmia_bicolor,Osmia,bicolor,f
SD,AF,13/05/2012,2012,5,73,4,a,y,Osmia_bicolor,Osmia,bicolor,f
SD,AF,13/05/2012,2012,5,73,4,a,y,Osmia_bicolor,Osmia,bicolor,f
SD,AF,13/05/2012,2012,5,73,4,a,y,Osmia_bicolor,Osmia,bicolor,f
SD,AF,13/05/2012,2012,5,73,4,a,y,Osmia_bicolor,Osmia,bicolor,f
SD,AF,13/05/2012,2012,5,73,4,a,y,Osmia_bicolor,Osmia,bicolor,f
SD,AF,13/05/2012,2012,5,73,4,a,y,Osmia_bicolor,Osmia,bicolor,f
SD,AF,13/05/2012,2012,5,73,4,a,y,Andrena_haemorrhoa,Andrena,haemorrhoa,f
SD,AF,13/05/2012,2012,5,73,4,a,y,Andrena_nitida,Andrena,nitida,f
SD,AF,13/05/2012,2012,5,73,4,a,y,Andrena_nigroaenea,Andrena,nigroaenea,f
SD,AF,13/05/2012,2012,5,73,4,a,y,Andrena_cineraria,Andrena,cineraria,f
SD,AF,13/05/2012,2012,5,73,4,a,y,Andrena_cineraria,Andrena,cineraria,f
SD,AF,13/05/2012,2012,5,73,4,a,y,Andrena_cineraria,Andrena,cineraria,m
SD,AF,13/05/2012,2012,5,73,4,a,y,Andrena_flavipes,Andrena,flavipes,f
SD,AF,13/05/2012,2012,5,73,4,a,y,Lasioglossum_calceatum,Lasioglossum,calceatum,f
SD,AF,13/05/2012,2012,5,73,5,a,b,Osmia_bicolor,Osmia,bicolor,f
SD,AF,13/05/2012,2012,5,73,5,a,w,Osmia_bicolor,Osmia,bicolor,f
SD,AF,13/05/2012,2012,5,73,5,a,w,Osmia_bicolor,Osmia,bicolor,f
SD,AF,13/05/2012,2012,5,73,5,a,w,Andrena_cineraria,Andrena,cineraria,f
SD,AF,13/05/2012,2012,5,73,5,b,w,Andrena_nigroaenea,Andrena,nigroaenea,f
SD,AF,13/05/2012,2012,5,73,5,b,w,Andrena_nigroaenea,Andrena,nigroaenea,f
SD,AF,13/05/2012,2012,5,73,5,b,w,Lasioglossum_malachurum,Lasioglossum,malachurum,f
SD,AF,13/05/2012,2012,5,73,5,b,w,Osmia_bicolor,Osmia,bicolor,f
SD,AF,13/05/2012,2012,5,73,5,b,w,Osmia_bicolor,Osmia,bicolor,m
SD,AF,13/05/2012,2012,5,73,5,a,y,Osmia_bicolor,Osmia,bicolor,f
SD,AF,13/05/2012,2012,5,73,5,a,y,Osmia_bicolor,Osmia,bicolor,f
SD,AF,13/05/2012,2012,5,73,5,a,y,Osmia_bicolor,Osmia,bicolor,f
SD,AF,13/05/2012,2012,5,73,5,a,y,Osmia_bicolor,Osmia,bicolor,f
SD,AF,13/05/2012,2012,5,73,5,a,y,Osmia_bicolor,Osmia,bicolor,f
SD,AF,13/05/2012,2012,5,73,5,a,y,Osmia_bicolor,Osmia,bicolor,f
SD,AF,13/05/2012,2012,5,73,5,a,y,Osmia_bicolor,Osmia,bicolor,f
SD,AF,13/05/2012,2012,5,73,5,a,y,Osmia_bicolor,Osmia,bicolor,f
SD,AF,13/05/2012,2012,5,73,5,a,y,Osmia_bicolor,Osmia,bicolor,f
SD,AF,13/05/2012,2012,5,73,5,a,y,Osmia_bicolor,Osmia,bicolor,f
SD,AF,13/05/2012,2012,5,73,5,a,y,Osmia_bicolor,Osmia,bicolor,f
SD,AF,13/05/2012,2012,5,73,5,a,y,Osmia_bicolor,Osmia,bicolor,f
SD,AF,13/05/2012,2012,5,73,5,a,y,Osmia_bicolor,Osmia,bicolor,f
SD,AF,13/05/2012,2012,5,73,5,a,y,Osmia_bicolor,Osmia,bicolor,f
SD,AF,13/05/2012,2012,5,73,5,a,y,Osmia_bicolor,Osmia,bicolor,f
SD,AF,13/05/2012,2012,5,73,5,a,y,Osmia_bicolor,Osmia,bicolor,f
SD,AF,13/05/2012,2012,5,73,5,a,y,Andrena_nitida,Andrena,nitida,f
SD,AF,13/05/2012,2012,5,73,5,a,y,Andrena_nigroaenea,Andrena,nigroaenea,f
SD,AF,13/05/2012,2012,5,73,5,a,y,Andrena_nigroaenea,Andrena,nigroaenea,f
SD,AF,13/05/2012,2012,5,73,5,a,y,Andrena_cineraria,Andrena,cineraria,f
SD,AF,13/05/2012,2012,5,73,5,a,y,Andrena_haemorrhoa,Andrena,haemorrhoa,m
SD,AF,13/05/2012,2012,5,73,5,a,y,Andrena_haemorrhoa,Andrena,haemorrhoa,m
SD,AF,13/05/2012,2012,5,73,5,a,y,Andrena_haemorrhoa,Andrena,haemorrhoa,m
SD,AF,13/05/2012,2012,5,73,5,a,y,Andrena_haemorrhoa,Andrena,haemorrhoa,m
SD,AF,13/05/2012,2012,5,73,5,a,y,Halictus_rubicundus,Halictus,rubicundus,f
SD,AF,13/05/2012,2012,5,73,5,a,y,Halictus_rubicundus,Halictus,rubicundus,f
SD,AF,13/05/2012,2012,5,73,5,b,y,Andrena_cineraria,Andrena,cineraria,f
SD,AF,13/05/2012,2012,5,73,5,b,y,Andrena_cineraria,Andrena,cineraria,f
SD,AF,13/05/2012,2012,5,73,5,b,y,Osmia_bicolor,Osmia,bicolor,f
SD,AF,13/05/2012,2012,5,73,5,b,y,Osmia_bicolor,Osmia,bicolor,f
SD,AF,13/05/2012,2012,5,73,6,a,b,Osmia_bicolor,Osmia,bicolor,f
SD,AF,13/05/2012,2012,5,73,6,a,b,Osmia_bicolor,Osmia,bicolor,f
SD,AF,13/05/2012,2012,5,73,6,a,b,Osmia_bicolor,Osmia,bicolor,f
SD,AF,13/05/2012,2012,5,73,6,a,b,Osmia_bicolor,Osmia,bicolor,f
SD,AF,13/05/2012,2012,5,73,6,a,b,Osmia_bicolor,Osmia,bicolor,f
SD,AF,13/05/2012,2012,5,73,6,a,b,Osmia_bicolor,Osmia,bicolor,f
SD,AF,13/05/2012,2012,5,73,6,a,b,Osmia_bicolor,Osmia,bicolor,m
SD,AF,13/05/2012,2012,5,73,6,a,b,Nomada_lathburiana,Nomada,lathburiana,m
SD,AF,13/05/2012,2012,5,73,6,a,b,Nomada_lathburiana,Nomada,lathburiana,m
SD,AF,13/05/2012,2012,5,73,6,a,b,Nomada_fabriciana,Nomada,fabriciana,f
SD,AF,13/05/2012,2012,5,73,6,a,b,Nomada_fabriciana,Nomada,fabriciana,f
SD,AF,13/05/2012,2012,5,73,6,a,b,Halictus_tumulorum,Halictus,tumulorum,f
SD,AF,13/05/2012,2012,5,73,6,b,b,Andrena_nigroaenea,Andrena,nigroaenea,f
SD,AF,13/05/2012,2012,5,73,6,b,b,Osmia_bicolor,Osmia,bicolor,f
SD,AF,13/05/2012,2012,5,73,6,b,b,Lasioglossum_lativentre,Lasioglossum,lativentre,f
SD,AF,13/05/2012,2012,5,73,6,a,w,Osmia_bicolor,Osmia,bicolor,f
SD,AF,13/05/2012,2012,5,73,6,a,w,Osmia_bicolor,Osmia,bicolor,f
SD,AF,13/05/2012,2012,5,73,6,a,w,Osmia_bicolor,Osmia,bicolor,f
SD,AF,13/05/2012,2012,5,73,6,a,w,Andrena_haemorrhoa,Andrena,haemorrhoa,f
SD,AF,13/05/2012,2012,5,73,6,a,y,Osmia_bicolor,Osmia,bicolor,f
SD,AF,13/05/2012,2012,5,73,6,a,y,Nomada_fabriciana,Nomada,fabriciana,f
SD,AF,17/07/2012,2012,7,138,3,a,b,Andrena_bicolor,Andrena,bicolor,f
SD,AF,17/07/2012,2012,7,138,3,b,y,Lasioglossum_villosulum,Lasioglossum,villosulum,f
SD,AF,17/07/2012,2012,7,138,4,a,y,Lasioglossum_calceatum,Lasioglossum,calceatum,f
SD,AF,17/07/2012,2012,7,138,4,a,y,Lasioglossum_villosulum,Lasioglossum,villosulum,f
SD,AF,17/07/2012,2012,7,138,5,a,b,Lasioglossum_leucopus,Lasioglossum,leucopus,f
SD,AF,17/07/2012,2012,7,138,6,a,w,Osmia_bicolor,Osmia,bicolor,f
SD,AF,17/07/2012,2012,7,138,6,a,w,Osmia_bicolor,Osmia,bicolor,f
SD,AF,17/07/2012,2012,7,138,6,b,y,Megachile_ligniseca,Megachile,ligniseca,m
SD,AF,10/08/2012,2012,8,162,1,a,b,Lasioglossum_calceatum,Lasioglossum,calceatum,f
SD,AF,10/08/2012,2012,8,162,1,b,b,Lasioglossum_calceatum,Lasioglossum,calceatum,f
SD,AF,10/08/2012,2012,8,162,1,b,b,Andrena_bicolor,Andrena,bicolor,m
SD,AF,10/08/2012,2012,8,162,1,a,w,Hylaeus_communis,Hylaeus,communis,NA
SD,AF,10/08/2012,2012,8,162,2,a,b,Andrena_bicolor,Andrena,bicolor,f
SD,AF,10/08/2012,2012,8,162,2,a,w,Osmia_bicolor,Osmia,bicolor,f
SD,AF,10/08/2012,2012,8,162,2,a,y,Lasioglossum_quadrinotatum,Lasioglossum,quadrinotatum,f
SD,AF,10/08/2012,2012,8,162,2,b,y,Halictus_rubicundus,Halictus,rubicundus,f
SD,AF,10/08/2012,2012,8,162,3,b,y,Andrena_bicolor,Andrena,bicolor,f
SD,AF,10/08/2012,2012,8,162,4,a,y,Lasioglossum_calceatum,Lasioglossum,calceatum,f
SD,AF,10/08/2012,2012,8,162,5,a,b,Andrena_bicolor,Andrena,bicolor,f
SD,AF,10/08/2012,2012,8,162,5,a,w,Hylaeus_communis,Hylaeus,communis,f
SD,AF,10/08/2012,2012,8,162,6,a,w,Lasioglossum_calceatum,Lasioglossum,calceatum,f
SD,AF,17/08/2012,2012,8,169,1,a,b,Lasioglossum_calceatum,Lasioglossum,calceatum,f
SD,AF,17/08/2012,2012,8,169,1,a,b,Osmia_spinulosa,Osmia,spinulosa,f
SD,MC,25/05/2011,2011,5,85,2,NA,w,Andrena_cineraria,Andrena,cineraria,NA
SD,MC,25/05/2011,2011,5,85,2,NA,y,Lasioglossum_calceatum,Lasioglossum,calceatum,f
SD,MC,25/05/2011,2011,5,85,3,NA,y,Lasioglossum_calceatum,Lasioglossum,calceatum,f
SD,MC,25/05/2011,2011,5,85,6,NA,y,Andrena_cineraria,Andrena,cineraria,NA
SD,MC,24/06/2011,2011,6,115,1,NA,w,Lasioglossum_calceatum,Lasioglossum,calceatum,f
SD,MC,24/06/2011,2011,6,115,2,NA,w,Andrena_cineraria,Andrena,cineraria,f
SD,MC,24/06/2011,2011,6,115,2,NA,w,Lasioglossum_calceatum,Lasioglossum,calceatum,f
SD,MC,24/06/2011,2011,6,115,2,NA,w,Lasioglossum_albipes,Lasioglossum,albipes,f
SD,MC,24/06/2011,2011,6,115,2,NA,w,Lasioglossum_calceatum,Lasioglossum,calceatum,f
SD,MC,24/06/2011,2011,6,115,2,NA,w,Andrena_cineraria,Andrena,cineraria,f
SD,MC,24/06/2011,2011,6,115,2,NA,y,Lasioglossum_calceatum,Lasioglossum,calceatum,f
SD,MC,24/06/2011,2011,6,115,4,NA,b,Lasioglossum_calceatum,Lasioglossum,calceatum,f
SD,MC,24/06/2011,2011,6,115,4,NA,b,Halictus_rubicundus,Halictus,rubicundus,f
SD,MC,24/06/2011,2011,6,115,4,NA,w,Lasioglossum_leucopus,Lasioglossum,leucopus,f
SD,MC,22/07/2011,2011,7,143,1,NA,b,Lasioglossum_leucopus,Lasioglossum,leucopus,f
SD,MC,22/07/2011,2011,7,143,1,NA,w,Lasioglossum_calceatum,Lasioglossum,calceatum,f
SD,MC,22/07/2011,2011,7,143,1,NA,w,Lasioglossum_calceatum,Lasioglossum,calceatum,f
SD,MC,22/07/2011,2011,7,143,1,NA,w,Lasioglossum_leucopus,Lasioglossum,leucopus,f
SD,MC,22/07/2011,2011,7,143,2,NA,y,Andrena_bicolor,Andrena,bicolor,f
SD,MC,22/07/2011,2011,7,143,2,NA,y,Lasioglossum_calceatum,Lasioglossum,calceatum,f
SD,MC,22/07/2011,2011,7,143,2,NA,y,Lasioglossum_leucopus,Lasioglossum,leucopus,f
SD,MC,22/07/2011,2011,7,143,3,NA,b,Andrena_bicolor,Andrena,bicolor,f
SD,MC,22/07/2011,2011,7,143,3,NA,w,Lasioglossum_calceatum,Lasioglossum,calceatum,f
SD,MC,22/07/2011,2011,7,143,3,NA,w,Lasioglossum_calceatum,Lasioglossum,calceatum,f
SD,MC,22/07/2011,2011,7,143,3,NA,w,Lasioglossum_calceatum,Lasioglossum,calceatum,m
SD,MC,22/07/2011,2011,7,143,3,NA,w,Andrena_dorsata,Andrena,dorsata,f
SD,MC,22/07/2011,2011,7,143,3,NA,w,Lasioglossum_morio,Lasioglossum,morio,f
SD,MC,22/07/2011,2011,7,143,3,NA,w,Lasioglossum_morio,Lasioglossum,morio,f
SD,MC,22/07/2011,2011,7,143,4,NA,w,Lasioglossum_morio,Lasioglossum,morio,f
SD,MC,22/07/2011,2011,7,143,4,NA,y,Lasioglossum_calceatum,Lasioglossum,calceatum,f
SD,MC,22/07/2011,2011,7,143,5,NA,b,Andrena_flavipes,Andrena,flavipes,f
SD,MC,22/07/2011,2011,7,143,5,NA,b,Lasioglossum_calceatum,Lasioglossum,calceatum,f
SD,MC,22/07/2011,2011,7,143,5,NA,y,Lasioglossum_morio,Lasioglossum,morio,f
SD,MC,22/07/2011,2011,7,143,6,NA,b,Andrena_bicolor,Andrena,bicolor,f
SD,MC,22/07/2011,2011,7,143,6,NA,w,Lasioglossum_calceatum,Lasioglossum,calceatum,f
SD,MC,22/07/2011,2011,7,143,6,NA,w,Lasioglossum_calceatum,Lasioglossum,calceatum,f
SD,MC,22/07/2011,2011,7,143,6,NA,w,Lasioglossum_calceatum,Lasioglossum,calceatum,f
SD,MC,22/07/2011,2011,7,143,6,NA,y,Lasioglossum_calceatum,Lasioglossum,calceatum,f
SD,MC,22/07/2011,2011,7,143,6,NA,y,Lasioglossum_calceatum,Lasioglossum,calceatum,f
SD,MC,22/07/2011,2011,7,143,6,NA,y,Lasioglossum_morio,Lasioglossum,morio,f
SD,MC,22/07/2011,2011,7,143,6,NA,y,Lasioglossum_morio,Lasioglossum,morio,f
SD,MC,13/05/2012,2012,5,73,1,b,b,Andrena_cineraria,Andrena,cineraria,f
SD,MC,13/05/2012,2012,5,73,1,b,b,Andrena_cineraria,Andrena,cineraria,f
SD,MC,13/05/2012,2012,5,73,1,b,b,Lasioglossum_calceatum,Lasioglossum,calceatum,f
SD,MC,13/05/2012,2012,5,73,1,b,b,Lasioglossum_leucopus,Lasioglossum,leucopus,f
SD,MC,13/05/2012,2012,5,73,1,a,w,Lasioglossum_calceatum,Lasioglossum,calceatum,f
SD,MC,13/05/2012,2012,5,73,1,a,w,Lasioglossum_calceatum,Lasioglossum,calceatum,f
SD,MC,13/05/2012,2012,5,73,1,a,w,Lasioglossum_calceatum,Lasioglossum,calceatum,f
SD,MC,13/05/2012,2012,5,73,1,a,w,Andrena_nigroaenea,Andrena,nigroaenea,f
SD,MC,13/05/2012,2012,5,73,1,a,w,Andrena_nigroaenea,Andrena,nigroaenea,f
SD,MC,13/05/2012,2012,5,73,1,a,w,Andrena_nigroaenea,Andrena,nigroaenea,f
SD,MC,13/05/2012,2012,5,73,1,a,w,Andrena_nigroaenea,Andrena,nigroaenea,f
SD,MC,13/05/2012,2012,5,73,1,a,w,Andrena_nigroaenea,Andrena,nigroaenea,f
SD,MC,13/05/2012,2012,5,73,1,a,w,Andrena_bicolor,Andrena,bicolor,f
SD,MC,13/05/2012,2012,5,73,1,a,y,Lasioglossum_calceatum,Lasioglossum,calceatum,f
SD,MC,13/05/2012,2012,5,73,1,b,y,Andrena_cineraria,Andrena,cineraria,f
SD,MC,13/05/2012,2012,5,73,1,b,y,Andrena_nigroaenea,Andrena,nigroaenea,f
SD,MC,13/05/2012,2012,5,73,1,b,y,Andrena_nigroaenea,Andrena,nigroaenea,m
SD,MC,13/05/2012,2012,5,73,1,b,y,Andrena_bicolor,Andrena,bicolor,f
SD,MC,13/05/2012,2012,5,73,1,b,y,Lasioglossum_calceatum,Lasioglossum,calceatum,f
SD,MC,13/05/2012,2012,5,73,2,a,b,Andrena_bicolor,Andrena,bicolor,f
SD,MC,13/05/2012,2012,5,73,2,b,b,Lasioglossum_calceatum,Lasioglossum,calceatum,f
SD,MC,13/05/2012,2012,5,73,2,b,b,Andrena_bicolor,Andrena,bicolor,f
SD,MC,13/05/2012,2012,5,73,2,b,b,Andrena_bicolor,Andrena,bicolor,f
SD,MC,13/05/2012,2012,5,73,2,a,w,Lasioglossum_calceatum,Lasioglossum,calceatum,f
SD,MC,13/05/2012,2012,5,73,2,a,w,Andrena_bicolor,Andrena,bicolor,f
SD,MC,13/05/2012,2012,5,73,2,b,w,Andrena_haemorrhoa,Andrena,haemorrhoa,m
SD,MC,13/05/2012,2012,5,73,2,a,y,Andrena_nitida,Andrena,nitida,f
SD,MC,13/05/2012,2012,5,73,3,a,b,Lasioglossum_calceatum,Lasioglossum,calceatum,f
SD,MC,13/05/2012,2012,5,73,3,b,b,Lasioglossum_calceatum,Lasioglossum,calceatum,f
SD,MC,13/05/2012,2012,5,73,3,b,b,Andrena_cineraria,Andrena,cineraria,f
SD,MC,13/05/2012,2012,5,73,3,b,b,Andrena_cineraria,Andrena,cineraria,f
SD,MC,13/05/2012,2012,5,73,3,b,b,Andrena_cineraria,Andrena,cineraria,f
SD,MC,13/05/2012,2012,5,73,3,b,b,Andrena_cineraria,Andrena,cineraria,f
SD,MC,13/05/2012,2012,5,73,3,b,b,Andrena_cineraria,Andrena,cineraria,f
SD,MC,13/05/2012,2012,5,73,3,b,b,Andrena_cineraria,Andrena,cineraria,f
SD,MC,13/05/2012,2012,5,73,3,b,b,Andrena_nigroaenea,Andrena,nigroaenea,f
SD,MC,13/05/2012,2012,5,73,3,a,w,Andrena_nigroaenea,Andrena,nigroaenea,f
SD,MC,13/05/2012,2012,5,73,3,a,w,Andrena_nigroaenea,Andrena,nigroaenea,f
SD,MC,13/05/2012,2012,5,73,3,a,w,Andrena_nigroaenea,Andrena,nigroaenea,f
SD,MC,13/05/2012,2012,5,73,3,a,w,Andrena_bicolor,Andrena,bicolor,f
SD,MC,13/05/2012,2012,5,73,3,a,w,Lasioglossum_calceatum,Lasioglossum,calceatum,f
SD,MC,13/05/2012,2012,5,73,3,b,w,Andrena_cineraria,Andrena,cineraria,f
SD,MC,13/05/2012,2012,5,73,3,b,w,Andrena_cineraria,Andrena,cineraria,f
SD,MC,13/05/2012,2012,5,73,3,b,w,Andrena_cineraria,Andrena,cineraria,f
SD,MC,13/05/2012,2012,5,73,3,b,w,Andrena_cineraria,Andrena,cineraria,f
SD,MC,13/05/2012,2012,5,73,3,b,w,Andrena_nigroaenea,Andrena,nigroaenea,f
SD,MC,13/05/2012,2012,5,73,3,b,w,Andrena_nigroaenea,Andrena,nigroaenea,f
SD,MC,13/05/2012,2012,5,73,3,b,w,Andrena_nigroaenea,Andrena,nigroaenea,f
SD,MC,13/05/2012,2012,5,73,3,b,w,Andrena_nigroaenea,Andrena,nigroaenea,f
SD,MC,13/05/2012,2012,5,73,3,b,w,Andrena_nitida,Andrena,nitida,f
SD,MC,13/05/2012,2012,5,73,3,a,y,Andrena_nigroaenea,Andrena,nigroaenea,f
SD,MC,13/05/2012,2012,5,73,3,a,y,Andrena_nigroaenea,Andrena,nigroaenea,f
SD,MC,13/05/2012,2012,5,73,3,a,y,Andrena_nigroaenea,Andrena,nigroaenea,f
SD,MC,13/05/2012,2012,5,73,3,a,y,Andrena_nigroaenea,Andrena,nigroaenea,f
SD,MC,13/05/2012,2012,5,73,3,a,y,Andrena_nigroaenea,Andrena,nigroaenea,m
SD,MC,13/05/2012,2012,5,73,3,a,y,Lasioglossum_calceatum,Lasioglossum,calceatum,f
SD,MC,13/05/2012,2012,5,73,3,a,y,Lasioglossum_calceatum,Lasioglossum,calceatum,f
SD,MC,13/05/2012,2012,5,73,3,b,y,Andrena_cineraria,Andrena,cineraria,f
SD,MC,13/05/2012,2012,5,73,3,b,y,Andrena_cineraria,Andrena,cineraria,f
SD,MC,13/05/2012,2012,5,73,3,b,y,Andrena_cineraria,Andrena,cineraria,f
SD,MC,13/05/2012,2012,5,73,3,b,y,Andrena_nigroaenea,Andrena,nigroaenea,f
SD,MC,13/05/2012,2012,5,73,3,b,y,Andrena_haemorrhoa,Andrena,haemorrhoa,f
SD,MC,13/05/2012,2012,5,73,3,b,y,Andrena_haemorrhoa,Andrena,haemorrhoa,m
SD,MC,13/05/2012,2012,5,73,3,b,y,Osmia_bicolor,Osmia,bicolor,f
SD,MC,13/05/2012,2012,5,73,4,a,b,Andrena_nigroaenea,Andrena,nigroaenea,f
SD,MC,13/05/2012,2012,5,73,4,a,b,Andrena_cineraria,Andrena,cineraria,f
SD,MC,13/05/2012,2012,5,73,4,a,w,Andrena_nigroaenea,Andrena,nigroaenea,f
SD,MC,13/05/2012,2012,5,73,4,a,w,Andrena_nigroaenea,Andrena,nigroaenea,f
SD,MC,13/05/2012,2012,5,73,4,a,w,Andrena_nigroaenea,Andrena,nigroaenea,f
SD,MC,13/05/2012,2012,5,73,4,a,w,Andrena_nigroaenea,Andrena,nigroaenea,f
SD,MC,13/05/2012,2012,5,73,4,a,w,Andrena_cineraria,Andrena,cineraria,f
SD,MC,13/05/2012,2012,5,73,4,a,w,Andrena_cineraria,Andrena,cineraria,f
SD,MC,13/05/2012,2012,5,73,4,a,w,Andrena_cineraria,Andrena,cineraria,m
SD,MC,13/05/2012,2012,5,73,4,a,w,Andrena_bicolor,Andrena,bicolor,f
SD,MC,13/05/2012,2012,5,73,4,a,w,Lasioglossum_calceatum,Lasioglossum,calceatum,f
SD,MC,13/05/2012,2012,5,73,4,a,w,Lasioglossum_calceatum,Lasioglossum,calceatum,f
SD,MC,13/05/2012,2012,5,73,4,b,w,Andrena_nigroaenea,Andrena,nigroaenea,f
SD,MC,13/05/2012,2012,5,73,4,b,w,Andrena_nigroaenea,Andrena,nigroaenea,f
SD,MC,13/05/2012,2012,5,73,4,b,w,Andrena_nigroaenea,Andrena,nigroaenea,f
SD,MC,13/05/2012,2012,5,73,4,b,y,Andrena_cineraria,Andrena,cineraria,f
SD,MC,13/05/2012,2012,5,73,4,b,y,Andrena_nigroaenea,Andrena,nigroaenea,f
SD,MC,13/05/2012,2012,5,73,4,b,y,Andrena_nigroaenea,Andrena,nigroaenea,f
SD,MC,13/05/2012,2012,5,73,4,b,y,Andrena_nigroaenea,Andrena,nigroaenea,f
SD,MC,13/05/2012,2012,5,73,4,b,y,Andrena_nigroaenea,Andrena,nigroaenea,f
SD,MC,13/05/2012,2012,5,73,4,b,y,Andrena_nigroaenea,Andrena,nigroaenea,f
SD,MC,13/05/2012,2012,5,73,4,b,y,Andrena_nigroaenea,Andrena,nigroaenea,f
SD,MC,13/05/2012,2012,5,73,4,b,y,Andrena_nigroaenea,Andrena,nigroaenea,f
SD,MC,13/05/2012,2012,5,73,4,b,y,Andrena_nigroaenea,Andrena,nigroaenea,f
SD,MC,13/05/2012,2012,5,73,4,b,y,Andrena_cineraria,Andrena,cineraria,f
SD,MC,13/05/2012,2012,5,73,4,b,y,Andrena_cineraria,Andrena,cineraria,f
SD,MC,13/05/2012,2012,5,73,4,b,y,Andrena_cineraria,Andrena,cineraria,f
SD,MC,13/05/2012,2012,5,73,4,b,y,Lasioglossum_calceatum,Lasioglossum,calceatum,f
SD,MC,13/05/2012,2012,5,73,4,b,y,Lasioglossum_calceatum,Lasioglossum,calceatum,f
SD,MC,13/05/2012,2012,5,73,5,a,b,Lasioglossum_calceatum,Lasioglossum,calceatum,f
SD,MC,13/05/2012,2012,5,73,5,a,b,Lasioglossum_calceatum,Lasioglossum,calceatum,f
SD,MC,13/05/2012,2012,5,73,5,b,b,Andrena_cineraria,Andrena,cineraria,f
SD,MC,13/05/2012,2012,5,73,5,b,b,Andrena_cineraria,Andrena,cineraria,m
SD,MC,13/05/2012,2012,5,73,5,b,b,Andrena_nigroaenea,Andrena,nigroaenea,f
SD,MC,13/05/2012,2012,5,73,5,b,b,Andrena_nigroaenea,Andrena,nigroaenea,f
SD,MC,13/05/2012,2012,5,73,5,b,b,Andrena_bicolor,Andrena,bicolor,f
SD,MC,13/05/2012,2012,5,73,5,a,w,Andrena_nigroaenea,Andrena,nigroaenea,f
SD,MC,13/05/2012,2012,5,73,5,a,w,Lasioglossum_calceatum,Lasioglossum,calceatum,f
SD,MC,13/05/2012,2012,5,73,5,a,y,Andrena_cineraria,Andrena,cineraria,f
SD,MC,13/05/2012,2012,5,73,5,a,y,Andrena_nigroaenea,Andrena,nigroaenea,f
SD,MC,13/05/2012,2012,5,73,5,a,y,Andrena_nigroaenea,Andrena,nigroaenea,f
SD,MC,13/05/2012,2012,5,73,5,b,y,Andrena_nigroaenea,Andrena,nigroaenea,f
SD,MC,13/05/2012,2012,5,73,5,b,y,Andrena_nigroaenea,Andrena,nigroaenea,f
SD,MC,13/05/2012,2012,5,73,5,b,y,Andrena_cineraria,Andrena,cineraria,f
SD,MC,13/05/2012,2012,5,73,5,b,y,Andrena_bicolor,Andrena,bicolor,f
SD,MC,13/05/2012,2012,5,73,6,a,b,Andrena_bicolor,Andrena,bicolor,f
SD,MC,13/05/2012,2012,5,73,6,a,w,Andrena_cineraria,Andrena,cineraria,f
SD,MC,13/05/2012,2012,5,73,6,a,w,Andrena_cineraria,Andrena,cineraria,f
SD,MC,13/05/2012,2012,5,73,6,a,w,Andrena_cineraria,Andrena,cineraria,f
SD,MC,13/05/2012,2012,5,73,6,a,w,Andrena_nigroaenea,Andrena,nigroaenea,f
SD,MC,13/05/2012,2012,5,73,6,a,w,Andrena_nigroaenea,Andrena,nigroaenea,f
SD,MC,13/05/2012,2012,5,73,6,a,w,Andrena_nigroaenea,Andrena,nigroaenea,f
SD,MC,13/05/2012,2012,5,73,6,a,w,Andrena_nigroaenea,Andrena,nigroaenea,f
SD,MC,13/05/2012,2012,5,73,6,a,w,Lasioglossum_calceatum,Lasioglossum,calceatum,f
SD,MC,13/05/2012,2012,5,73,6,a,w,Lasioglossum_calceatum,Lasioglossum,calceatum,f
SD,MC,13/05/2012,2012,5,73,6,a,w,Lasioglossum_calceatum,Lasioglossum,calceatum,f
SD,MC,13/05/2012,2012,5,73,6,b,w,Andrena_nigroaenea,Andrena,nigroaenea,f
SD,MC,13/05/2012,2012,5,73,6,b,w,Osmia_bicolor,Osmia,bicolor,f
SD,MC,13/05/2012,2012,5,73,6,a,y,Andrena_nigroaenea,Andrena,nigroaenea,f
SD,MC,13/05/2012,2012,5,73,6,a,y,Andrena_nigroaenea,Andrena,nigroaenea,f
SD,MC,13/05/2012,2012,5,73,6,a,y,Andrena_nigroaenea,Andrena,nigroaenea,f
SD,MC,13/05/2012,2012,5,73,6,a,y,Andrena_nigroaenea,Andrena,nigroaenea,f
SD,MC,13/05/2012,2012,5,73,6,a,y,Andrena_nigroaenea,Andrena,nigroaenea,f
SD,MC,13/05/2012,2012,5,73,6,a,y,Andrena_nigroaenea,Andrena,nigroaenea,f
SD,MC,13/05/2012,2012,5,73,6,a,y,Lasioglossum_calceatum,Lasioglossum,calceatum,f
SD,MC,13/05/2012,2012,5,73,6,a,y,Andrena_haemorrhoa,Andrena,haemorrhoa,m
SD,MC,13/05/2012,2012,5,73,6,a,y,Andrena_haemorrhoa,Andrena,haemorrhoa,m
SD,MC,13/05/2012,2012,5,73,6,b,y,Andrena_cineraria,Andrena,cineraria,f
SD,MC,13/05/2012,2012,5,73,6,b,y,Andrena_cineraria,Andrena,cineraria,f
SD,MC,13/05/2012,2012,5,73,6,b,y,Andrena_nigroaenea,Andrena,nigroaenea,m
SD,MC,21/07/2012,2012,7,142,1,b,b,Lasioglossum_calceatum,Lasioglossum,calceatum,f
SD,MC,21/07/2012,2012,7,142,1,a,w,Andrena_bicolor,Andrena,bicolor,f
SD,MC,21/07/2012,2012,7,142,1,a,w,Lasioglossum_leucopus,Lasioglossum,leucopus,f
SD,MC,21/07/2012,2012,7,142,1,a,w,Lasioglossum_leucopus,Lasioglossum,leucopus,f
SD,MC,21/07/2012,2012,7,142,1,a,w,Lasioglossum_malachurum,Lasioglossum,malachurum,f
SD,MC,21/07/2012,2012,7,142,1,b,w,Andrena_bicolor,Andrena,bicolor,m
SD,MC,21/07/2012,2012,7,142,1,b,y,Lasioglossum_calceatum,Lasioglossum,calceatum,f
SD,MC,21/07/2012,2012,7,142,2,a,b,Lasioglossum_calceatum,Lasioglossum,calceatum,f
SD,MC,21/07/2012,2012,7,142,2,a,w,Lasioglossum_calceatum,Lasioglossum,calceatum,f
SD,MC,21/07/2012,2012,7,142,2,a,y,Halictus_rubicundus,Halictus,rubicundus,f
SD,MC,21/07/2012,2012,7,142,2,a,y,Lasioglossum_zonulum,Lasioglossum,zonulum,f
SD,MC,21/07/2012,2012,7,142,2,b,y,Lasioglossum_calceatum,Lasioglossum,calceatum,f
SD,MC,21/07/2012,2012,7,142,2,b,y,Lasioglossum_calceatum,Lasioglossum,calceatum,f
SD,MC,21/07/2012,2012,7,142,2,b,y,Lasioglossum_calceatum,Lasioglossum,calceatum,f
SD,MC,21/07/2012,2012,7,142,3,b,b,Lasioglossum_calceatum,Lasioglossum,calceatum,f
SD,MC,21/07/2012,2012,7,142,3,a,w,Andrena_cineraria,Andrena,cineraria,f
SD,MC,21/07/2012,2012,7,142,3,b,w,Lasioglossum_calceatum,Lasioglossum,calceatum,f
SD,MC,21/07/2012,2012,7,142,3,a,y,Lasioglossum_calceatum,Lasioglossum,calceatum,f
SD,MC,21/07/2012,2012,7,142,3,a,y,Andrena_congruens,Andrena,congruens,m
SD,MC,21/07/2012,2012,7,142,3,b,y,Lasioglossum_calceatum,Lasioglossum,calceatum,f
SD,MC,21/07/2012,2012,7,142,4,b,w,Lasioglossum_calceatum,Lasioglossum,calceatum,f
SD,MC,21/07/2012,2012,7,142,4,a,y,Lasioglossum_leucopus,Lasioglossum,leucopus,f
SD,MC,21/07/2012,2012,7,142,4,b,y,Andrena_nigroaenea,Andrena,nigroaenea,f
SD,MC,21/07/2012,2012,7,142,5,a,w,Andrena_cineraria,Andrena,cineraria,f
SD,MC,21/07/2012,2012,7,142,5,a,w,Lasioglossum_calceatum,Lasioglossum,calceatum,f
SD,MC,21/07/2012,2012,7,142,5,a,w,Andrena_bicolor,Andrena,bicolor,m
SD,MC,21/07/2012,2012,7,142,6,b,w,Andrena_nigroaenea,Andrena,nigroaenea,f
SD,MC,10/08/2012,2012,8,162,1,a,b,Chelostoma_campanularum,Chelostoma,campanularum,f
SD,MC,10/08/2012,2012,8,162,1,a,b,Andrena_flavipes,Andrena,flavipes,f
SD,MC,10/08/2012,2012,8,162,1,a,b,Andrena_bicolor,Andrena,bicolor,f
SD,MC,10/08/2012,2012,8,162,1,a,b,Lasioglossum_calceatum,Lasioglossum,calceatum,f
SD,MC,10/08/2012,2012,8,162,1,b,b,Andrena_bicolor,Andrena,bicolor,m
SD,MC,10/08/2012,2012,8,162,1,b,b,Andrena_congruens,Andrena,congruens,m
SD,MC,10/08/2012,2012,8,162,1,a,w,Megachile_ligniseca,Megachile,ligniseca,f
SD,MC,10/08/2012,2012,8,162,1,a,w,Andrena_flavipes,Andrena,flavipes,f
SD,MC,10/08/2012,2012,8,162,1,a,w,Andrena_congruens,Andrena,congruens,m
SD,MC,10/08/2012,2012,8,162,1,b,w,Andrena_congruens,Andrena,congruens,m
SD,MC,10/08/2012,2012,8,162,1,b,y,Andrena_bicolor,Andrena,bicolor,m
SD,MC,10/08/2012,2012,8,162,1,b,y,Nomada_fabriciana,Nomada,fabriciana,f
SD,MC,10/08/2012,2012,8,162,2,a,b,Andrena_bicolor,Andrena,bicolor,f
SD,MC,10/08/2012,2012,8,162,2,b,y,Lasioglossum_calceatum,Lasioglossum,calceatum,f
SD,MC,10/08/2012,2012,8,162,2,b,y,Andrena_bicolor,Andrena,bicolor,f
SD,MC,10/08/2012,2012,8,162,2,b,y,Andrena_bicolor,Andrena,bicolor,f
SD,MC,10/08/2012,2012,8,162,2,b,y,Andrena_bicolor,Andrena,bicolor,f
SD,MC,10/08/2012,2012,8,162,3,b,w,Andrena_bicolor,Andrena,bicolor,f
SD,MC,10/08/2012,2012,8,162,3,a,y,Halictus_tumulorum,Halictus,tumulorum,f
SD,MC,10/08/2012,2012,8,162,3,b,y,Halictus_tumulorum,Halictus,tumulorum,f
SD,MC,10/08/2012,2012,8,162,4,b,b,Lasioglossum_calceatum,Lasioglossum,calceatum,m
SD,MC,10/08/2012,2012,8,162,4,a,y,Lasioglossum_calceatum,Lasioglossum,calceatum,f
SD,MC,10/08/2012,2012,8,162,4,a,y,Nomada_fabriciana,Nomada,fabriciana,f
SD,MC,10/08/2012,2012,8,162,5,a,b,Halictus_rubicundus,Halictus,rubicundus,f
SD,MC,10/08/2012,2012,8,162,6,a,b,Hylaeus_communis,Hylaeus,communis,f
SD,MC,10/08/2012,2012,8,162,6,a,b,Andrena_bicolor,Andrena,bicolor,f
WAF,AF,29/03/2011,2011,3,28,1,NA,y,Nomada_fabriciana,Nomada,fabriciana,f
WAF,AF,29/03/2011,2011,3,28,2,NA,b,Andrena_chrysosceles,Andrena,chrysosceles,m
WAF,AF,29/03/2011,2011,3,28,2,NA,y,Andrena_chrysosceles,Andrena,chrysosceles,m
WAF,AF,29/03/2011,2011,3,28,2,NA,y,Lasioglossum_malachurum,Lasioglossum,malachurum,f
WAF,AF,29/03/2011,2011,3,28,4,NA,y,Andrena_haemorrhoa,Andrena,haemorrhoa,m
WAF,AF,29/03/2011,2011,3,28,4,NA,y,Andrena_haemorrhoa,Andrena,haemorrhoa,f
WAF,AF,29/03/2011,2011,3,28,5,NA,y,Andrena_haemorrhoa,Andrena,haemorrhoa,m
WAF,AF,29/03/2011,2011,3,28,5,NA,y,Andrena_haemorrhoa,Andrena,haemorrhoa,m
WAF,AF,29/03/2011,2011,3,28,6,NA,y,Andrena_nigroaenea,Andrena,nigroaenea,f
WAF,AF,29/03/2011,2011,3,28,6,NA,y,Andrena_haemorrhoa,Andrena,haemorrhoa,m
WAF,AF,29/03/2011,2011,3,28,6,NA,y,Andrena_haemorrhoa,Andrena,haemorrhoa,m
WAF,AF,06/05/2011,2011,5,66,2,NA,w,Lasioglossum_pauxillum,Lasioglossum,pauxillum,f
WAF,AF,06/05/2011,2011,5,66,4,NA,y,Lasioglossum_malachurum,Lasioglossum,malachurum,f
WAF,AF,06/05/2011,2011,5,66,4,NA,y,Lasioglossum_pauxillum,Lasioglossum,pauxillum,f
WAF,AF,06/05/2011,2011,5,66,5,NA,y,Lasioglossum_malachurum,Lasioglossum,malachurum,f
WAF,AF,06/05/2011,2011,5,66,6,NA,w,Andrena_nitida,Andrena,nitida,f
WAF,AF,06/05/2011,2011,5,66,6,NA,y,Andrena_haemorrhoa,Andrena,haemorrhoa,f
WAF,AF,02/06/2011,2011,6,93,1,NA,b,Lasioglossum_pauxillum,Lasioglossum,pauxillum,f
WAF,AF,02/06/2011,2011,6,93,1,NA,b,Lasioglossum_pauxillum,Lasioglossum,pauxillum,f
WAF,AF,02/06/2011,2011,6,93,1,NA,w,Lasioglossum_pauxillum,Lasioglossum,pauxillum,f
WAF,AF,02/06/2011,2011,6,93,1,NA,w,Lasioglossum_minutissimum,Lasioglossum,minutissimum,f
WAF,AF,02/06/2011,2011,6,93,1,NA,w,Nomada_fabriciana,Nomada,fabriciana,f
WAF,AF,02/06/2011,2011,6,93,1,NA,y,Lasioglossum_pauxillum,Lasioglossum,pauxillum,f
WAF,AF,02/06/2011,2011,6,93,2,NA,w,Lasioglossum_pauxillum,Lasioglossum,pauxillum,f
WAF,AF,02/06/2011,2011,6,93,2,NA,y,Lasioglossum_pauxillum,Lasioglossum,pauxillum,f
WAF,AF,02/06/2011,2011,6,93,2,NA,y,Lasioglossum_pauxillum,Lasioglossum,pauxillum,f
WAF,AF,02/06/2011,2011,6,93,3,NA,y,Lasioglossum_pauxillum,Lasioglossum,pauxillum,f
WAF,AF,02/06/2011,2011,6,93,3,NA,y,Lasioglossum_pauxillum,Lasioglossum,pauxillum,f
WAF,AF,02/06/2011,2011,6,93,3,NA,y,Andrena_nigroaenea,Andrena,nigroaenea,f
WAF,AF,02/06/2011,2011,6,93,4,NA,y,Lasioglossum_malachurum,Lasioglossum,malachurum,f
WAF,AF,02/06/2011,2011,6,93,4,NA,y,Lasioglossum_malachurum,Lasioglossum,malachurum,f
WAF,AF,02/06/2011,2011,6,93,5,NA,b,Lasioglossum_pauxillum,Lasioglossum,pauxillum,f
WAF,AF,02/06/2011,2011,6,93,5,NA,w,Lasioglossum_pauxillum,Lasioglossum,pauxillum,f
WAF,AF,02/06/2011,2011,6,93,5,NA,w,Lasioglossum_pauxillum,Lasioglossum,pauxillum,f
WAF,AF,02/06/2011,2011,6,93,5,NA,w,Lasioglossum_pauxillum,Lasioglossum,pauxillum,f
WAF,AF,02/06/2011,2011,6,93,5,NA,w,Lasioglossum_minutissimum,Lasioglossum,minutissimum,f
WAF,AF,02/06/2011,2011,6,93,5,NA,y,Lasioglossum_pauxillum,Lasioglossum,pauxillum,f
WAF,AF,02/06/2011,2011,6,93,5,NA,y,Lasioglossum_pauxillum,Lasioglossum,pauxillum,f
WAF,AF,02/06/2011,2011,6,93,6,NA,w,Andrena_nigroaenea,Andrena,nigroaenea,f
WAF,AF,02/06/2011,2011,6,93,6,NA,y,Lasioglossum_minutissimum,Lasioglossum,minutissimum,f
WAF,AF,02/06/2011,2011,6,93,6,NA,y,Andrena_nigroaenea,Andrena,nigroaenea,f
WAF,AF,07/07/2011,2011,7,128,1,NA,b,Lasioglossum_pauxillum,Lasioglossum,pauxillum,f
WAF,AF,07/07/2011,2011,7,128,1,NA,y,Lasioglossum_malachurum,Lasioglossum,malachurum,f
WAF,AF,07/07/2011,2011,7,128,1,NA,y,Lasioglossum_pauxillum,Lasioglossum,pauxillum,f
WAF,AF,07/07/2011,2011,7,128,1,NA,y,Lasioglossum_pauxillum,Lasioglossum,pauxillum,f
WAF,AF,07/07/2011,2011,7,128,1,NA,y,Lasioglossum_pauxillum,Lasioglossum,pauxillum,f
WAF,AF,07/07/2011,2011,7,128,1,NA,y,Lasioglossum_pauxillum,Lasioglossum,pauxillum,f
WAF,AF,07/07/2011,2011,7,128,1,NA,y,Lasioglossum_pauxillum,Lasioglossum,pauxillum,f
WAF,AF,07/07/2011,2011,7,128,2,NA,y,Lasioglossum_pauxillum,Lasioglossum,pauxillum,f
WAF,AF,07/07/2011,2011,7,128,2,NA,y,Lasioglossum_pauxillum,Lasioglossum,pauxillum,f
WAF,AF,07/07/2011,2011,7,128,2,NA,y,Lasioglossum_malachurum,Lasioglossum,malachurum,f
WAF,AF,07/07/2011,2011,7,128,2,NA,y,Lasioglossum_malachurum,Lasioglossum,malachurum,f
WAF,AF,07/07/2011,2011,7,128,2,NA,y,Lasioglossum_pauxillum,Lasioglossum,pauxillum,f
WAF,AF,07/07/2011,2011,7,128,2,NA,y,Lasioglossum_pauxillum,Lasioglossum,pauxillum,f
WAF,AF,07/07/2011,2011,7,128,2,NA,y,Lasioglossum_pauxillum,Lasioglossum,pauxillum,f
WAF,AF,07/07/2011,2011,7,128,2,NA,y,Lasioglossum_pauxillum,Lasioglossum,pauxillum,f
WAF,AF,07/07/2011,2011,7,128,4,NA,y,Lasioglossum_malachurum,Lasioglossum,malachurum,f
WAF,AF,07/07/2011,2011,7,128,4,NA,y,Lasioglossum_pauxillum,Lasioglossum,pauxillum,f
WAF,AF,07/07/2011,2011,7,128,5,NA,w,Lasioglossum_pauxillum,Lasioglossum,pauxillum,f
WAF,AF,07/07/2011,2011,7,128,5,NA,y,Lasioglossum_malachurum,Lasioglossum,malachurum,f
WAF,AF,07/07/2011,2011,7,128,5,NA,y,Lasioglossum_pauxillum,Lasioglossum,pauxillum,f
WAF,AF,07/07/2011,2011,7,128,5,NA,y,Lasioglossum_pauxillum,Lasioglossum,pauxillum,f
WAF,AF,07/07/2011,2011,7,128,5,NA,y,Lasioglossum_pauxillum,Lasioglossum,pauxillum,f
WAF,AF,07/07/2011,2011,7,128,5,NA,y,Lasioglossum_pauxillum,Lasioglossum,pauxillum,f
WAF,AF,07/07/2011,2011,7,128,6,NA,b,Lasioglossum_pauxillum,Lasioglossum,pauxillum,f
WAF,AF,07/07/2011,2011,7,128,6,NA,b,Lasioglossum_pauxillum,Lasioglossum,pauxillum,f
WAF,AF,07/07/2011,2011,7,128,6,NA,w,Lasioglossum_pauxillum,Lasioglossum,pauxillum,f
WAF,AF,07/07/2011,2011,7,128,6,NA,y,Lasioglossum_pauxillum,Lasioglossum,pauxillum,f
WAF,AF,07/07/2011,2011,7,128,6,NA,y,Lasioglossum_pauxillum,Lasioglossum,pauxillum,f
WAF,AF,07/07/2011,2011,7,128,6,NA,y,Lasioglossum_pauxillum,Lasioglossum,pauxillum,f
WAF,AF,07/07/2011,2011,7,128,6,NA,y,Lasioglossum_pauxillum,Lasioglossum,pauxillum,f
WAF,AF,07/07/2011,2011,7,128,6,NA,y,Lasioglossum_pauxillum,Lasioglossum,pauxillum,f
WAF,AF,07/07/2011,2011,7,128,6,NA,y,Lasioglossum_pauxillum,Lasioglossum,pauxillum,f
WAF,AF,07/07/2011,2011,7,128,6,NA,y,Lasioglossum_pauxillum,Lasioglossum,pauxillum,f
WAF,AF,07/07/2011,2011,7,128,6,NA,y,Lasioglossum_pauxillum,Lasioglossum,pauxillum,f
WAF,AF,07/07/2011,2011,7,128,6,NA,y,Lasioglossum_pauxillum,Lasioglossum,pauxillum,f
WAF,AF,07/07/2011,2011,7,128,6,NA,y,Lasioglossum_pauxillum,Lasioglossum,pauxillum,f
WAF,AF,07/07/2011,2011,7,128,6,NA,y,Lasioglossum_pauxillum,Lasioglossum,pauxillum,f
WAF,AF,05/08/2011,2011,8,157,2,NA,w,Lasioglossum_pauxillum,Lasioglossum,pauxillum,f
WAF,AF,05/08/2011,2011,8,157,2,NA,y,Andrena_minutula,Andrena,minutula,f
WAF,AF,05/08/2011,2011,8,157,3,NA,w,Lasioglossum_pauxillum,Lasioglossum,pauxillum,f
WAF,AF,05/08/2011,2011,8,157,3,NA,w,Lasioglossum_pauxillum,Lasioglossum,pauxillum,f
WAF,AF,05/08/2011,2011,8,157,3,NA,y,Lasioglossum_pauxillum,Lasioglossum,pauxillum,f
WAF,AF,05/08/2011,2011,8,157,3,NA,y,Lasioglossum_pauxillum,Lasioglossum,pauxillum,f
WAF,AF,05/08/2011,2011,8,157,4,NA,w,Lasioglossum_pauxillum,Lasioglossum,pauxillum,f
WAF,AF,05/08/2011,2011,8,157,4,NA,w,Lasioglossum_pauxillum,Lasioglossum,pauxillum,f
WAF,AF,05/08/2011,2011,8,157,5,NA,y,Lasioglossum_pauxillum,Lasioglossum,pauxillum,f
WAF,AF,05/08/2011,2011,8,157,6,NA,w,Andrena_minutula,Andrena,minutula,f
WAF,AF,05/08/2011,2011,8,157,6,NA,w,Lasioglossum_pauxillum,Lasioglossum,pauxillum,f
WAF,AF,01/06/2012,2012,6,92,1,b,b,Andrena_nigroaenea,Andrena,nigroaenea,f
WAF,AF,01/06/2012,2012,6,92,1,a,w,Andrena_nigroaenea,Andrena,nigroaenea,f
WAF,AF,01/06/2012,2012,6,92,1,a,w,Andrena_nigroaenea,Andrena,nigroaenea,f
WAF,AF,01/06/2012,2012,6,92,1,a,w,Andrena_nigroaenea,Andrena,nigroaenea,f
WAF,AF,01/06/2012,2012,6,92,1,a,w,Andrena_nitida,Andrena,nitida,f
WAF,AF,01/06/2012,2012,6,92,1,a,w,Andrena_nitida,Andrena,nitida,f
WAF,AF,01/06/2012,2012,6,92,1,a,w,Andrena_haemorrhoa,Andrena,haemorrhoa,f
WAF,AF,01/06/2012,2012,6,92,1,b,w,Andrena_nitida,Andrena,nitida,f
WAF,AF,01/06/2012,2012,6,92,1,b,w,Andrena_nigroaenea,Andrena,nigroaenea,f
WAF,AF,01/06/2012,2012,6,92,1,b,w,Andrena_helvola,Andrena,helvola,f
WAF,AF,01/06/2012,2012,6,92,1,b,w,Nomada_goodeniana,Nomada,goodeniana,f
WAF,AF,01/06/2012,2012,6,92,1,a,y,Andrena_nigroaenea,Andrena,nigroaenea,f
WAF,AF,01/06/2012,2012,6,92,1,a,y,Andrena_nitida,Andrena,nitida,f
WAF,AF,01/06/2012,2012,6,92,1,a,y,Sphecodes_ephippius,Sphecodes,ephippius,f
WAF,AF,01/06/2012,2012,6,92,1,a,y,Andrena_haemorrhoa,Andrena,haemorrhoa,m
WAF,AF,01/06/2012,2012,6,92,2,b,w,Andrena_haemorrhoa,Andrena,haemorrhoa,f
WAF,AF,01/06/2012,2012,6,92,2,b,w,Andrena_nigroaenea,Andrena,nigroaenea,f
WAF,AF,01/06/2012,2012,6,92,2,b,w,Andrena_haemorrhoa,Andrena,haemorrhoa,f
WAF,AF,01/06/2012,2012,6,92,2,b,w,Andrena_nigroaenea,Andrena,nigroaenea,f
WAF,AF,01/06/2012,2012,6,92,2,b,w,Andrena_nitida,Andrena,nitida,f
WAF,AF,01/06/2012,2012,6,92,2,a,y,Andrena_subopaca,Andrena,subopaca,f
WAF,AF,01/06/2012,2012,6,92,2,a,y,Andrena_minutula,Andrena,minutula,f
WAF,AF,01/06/2012,2012,6,92,2,a,y,Andrena_nitida,Andrena,nitida,f
WAF,AF,01/06/2012,2012,6,92,2,a,y,Andrena_haemorrhoa,Andrena,haemorrhoa,f
WAF,AF,01/06/2012,2012,6,92,2,b,y,Andrena_nitida,Andrena,nitida,f
WAF,AF,01/06/2012,2012,6,92,2,b,y,Andrena_nitida,Andrena,nitida,f
WAF,AF,01/06/2012,2012,6,92,2,b,y,Andrena_nigroaenea,Andrena,nigroaenea,f
WAF,AF,01/06/2012,2012,6,92,3,a,w,Sphecodes_ephippius,Sphecodes,ephippius,f
WAF,AF,01/06/2012,2012,6,92,3,a,y,Andrena_nigroaenea,Andrena,nigroaenea,f
WAF,AF,01/06/2012,2012,6,92,3,a,y,Andrena_minutula,Andrena,minutula,f
WAF,AF,01/06/2012,2012,6,92,3,b,y,Andrena_nitida,Andrena,nitida,f
WAF,AF,01/06/2012,2012,6,92,3,b,y,Andrena_fulva,Andrena,fulva,f
WAF,AF,01/06/2012,2012,6,92,4,a,b,Andrena_nitida,Andrena,nitida,f
WAF,AF,01/06/2012,2012,6,92,4,a,b,Andrena_haemorrhoa,Andrena,haemorrhoa,f
WAF,AF,01/06/2012,2012,6,92,4,a,w,Andrena_nigroaenea,Andrena,nigroaenea,f
WAF,AF,01/06/2012,2012,6,92,4,a,w,Andrena_nigroaenea,Andrena,nigroaenea,f
WAF,AF,01/06/2012,2012,6,92,4,a,w,Andrena_nigroaenea,Andrena,nigroaenea,f
WAF,AF,01/06/2012,2012,6,92,4,b,w,Andrena_nitida,Andrena,nitida,f
WAF,AF,01/06/2012,2012,6,92,4,b,w,Andrena_nigroaenea,Andrena,nigroaenea,f
WAF,AF,01/06/2012,2012,6,92,4,b,w,Andrena_nigroaenea,Andrena,nigroaenea,f
WAF,AF,01/06/2012,2012,6,92,4,b,w,Nomada_goodeniana,Nomada,goodeniana,f
WAF,AF,01/06/2012,2012,6,92,4,b,y,Andrena_nitida,Andrena,nitida,f
WAF,AF,01/06/2012,2012,6,92,4,b,y,Andrena_haemorrhoa,Andrena,haemorrhoa,f
WAF,AF,01/06/2012,2012,6,92,5,a,w,Andrena_nigroaenea,Andrena,nigroaenea,f
WAF,AF,01/06/2012,2012,6,92,5,a,w,Nomada_marshamella,Nomada,marshamella,f
WAF,AF,01/06/2012,2012,6,92,5,b,w,Sphecodes_ephippius,Sphecodes,ephippius,f
WAF,AF,01/06/2012,2012,6,92,5,a,y,Andrena_nitida,Andrena,nitida,f
WAF,AF,01/06/2012,2012,6,92,5,a,y,Andrena_nigroaenea,Andrena,nigroaenea,f
WAF,AF,01/06/2012,2012,6,92,5,a,y,Nomada_lathburiana,Nomada,lathburiana,m
WAF,AF,01/06/2012,2012,6,92,5,b,y,Andrena_haemorrhoa,Andrena,haemorrhoa,f
WAF,AF,01/06/2012,2012,6,92,5,b,y,Nomada_flava,Nomada,flava,f
WAF,AF,01/06/2012,2012,6,92,6,b,b,Andrena_nigroaenea,Andrena,nigroaenea,f
WAF,AF,01/06/2012,2012,6,92,6,a,y,Andrena_nigroaenea,Andrena,nigroaenea,f
WAF,AF,01/06/2012,2012,6,92,6,a,y,Andrena_chrysosceles,Andrena,chrysosceles,f
WAF,AF,01/06/2012,2012,6,92,6,a,y,Nomada_goodeniana,Nomada,goodeniana,f
WAF,AF,01/06/2012,2012,6,92,6,a,y,Nomada_goodeniana,Nomada,goodeniana,f
WAF,AF,28/06/2012,2012,6,119,1,a,y,Andrena_subopaca,Andrena,subopaca,f
WAF,AF,28/06/2012,2012,6,119,2,a,w,Andrena_subopaca,Andrena,subopaca,f
WAF,AF,28/06/2012,2012,6,119,2,a,y,Andrena_haemorrhoa,Andrena,haemorrhoa,f
WAF,AF,28/06/2012,2012,6,119,3,a,w,Andrena_subopaca,Andrena,subopaca,f
WAF,AF,28/06/2012,2012,6,119,3,a,w,Andrena_subopaca,Andrena,subopaca,f
WAF,AF,28/06/2012,2012,6,119,3,b,w,Lasioglossum_pauxillum,Lasioglossum,pauxillum,f
WAF,AF,28/06/2012,2012,6,119,3,a,y,Andrena_haemorrhoa,Andrena,haemorrhoa,f
WAF,AF,28/06/2012,2012,6,119,3,a,y,Andrena_subopaca,Andrena,subopaca,f
WAF,AF,28/06/2012,2012,6,119,3,a,y,Andrena_subopaca,Andrena,subopaca,f
WAF,AF,28/06/2012,2012,6,119,3,b,y,Andrena_chrysosceles,Andrena,chrysosceles,f
WAF,AF,28/06/2012,2012,6,119,4,a,y,Andrena_chrysosceles,Andrena,chrysosceles,f
WAF,AF,28/06/2012,2012,6,119,5,a,w,Lasioglossum_pauxillum,Lasioglossum,pauxillum,f
WAF,AF,28/06/2012,2012,6,119,5,a,w,Sphecodes_ephippius,Sphecodes,ephippius,f
WAF,AF,28/06/2012,2012,6,119,5,b,y,Andrena_nitida,Andrena,nitida,f
WAF,AF,28/06/2012,2012,6,119,6,a,b,Andrena_subopaca,Andrena,subopaca,f
WAF,AF,28/06/2012,2012,6,119,6,a,b,Lasioglossum_pauxillum,Lasioglossum,pauxillum,f
WAF,AF,28/06/2012,2012,6,119,6,a,b,Lasioglossum_pauxillum,Lasioglossum,pauxillum,f
WAF,AF,28/06/2012,2012,6,119,6,a,y,Andrena_chrysosceles,Andrena,chrysosceles,f
WAF,AF,28/06/2012,2012,6,119,6,a,y,Andrena_subopaca,Andrena,subopaca,f
WAF,AF,28/06/2012,2012,6,119,6,b,y,Andrena_subopaca,Andrena,subopaca,f
WAF,AF,25/07/2012,2012,7,146,2,a,b,Lasioglossum_pauxillum,Lasioglossum,pauxillum,f
WAF,AF,25/07/2012,2012,7,146,2,b,b,Lasioglossum_pauxillum,Lasioglossum,pauxillum,f
WAF,AF,25/07/2012,2012,7,146,2,b,y,Lasioglossum_malachurum,Lasioglossum,malachurum,f
WAF,AF,25/07/2012,2012,7,146,2,b,y,Lasioglossum_malachurum,Lasioglossum,malachurum,f
WAF,AF,25/07/2012,2012,7,146,3,a,y,Lasioglossum_malachurum,Lasioglossum,malachurum,f
WAF,AF,25/07/2012,2012,7,146,3,a,y,Lasioglossum_malachurum,Lasioglossum,malachurum,f
WAF,AF,25/07/2012,2012,7,146,3,a,y,Lasioglossum_malachurum,Lasioglossum,malachurum,f
WAF,AF,25/07/2012,2012,7,146,4,a,w,Lasioglossum_malachurum,Lasioglossum,malachurum,f
WAF,AF,25/07/2012,2012,7,146,4,a,y,Lasioglossum_pauxillum,Lasioglossum,pauxillum,f
WAF,AF,25/07/2012,2012,7,146,4,a,y,Lasioglossum_pauxillum,Lasioglossum,pauxillum,f
WAF,AF,25/07/2012,2012,7,146,4,b,y,Lasioglossum_malachurum,Lasioglossum,malachurum,f
WAF,AF,25/07/2012,2012,7,146,5,a,b,Lasioglossum_malachurum,Lasioglossum,malachurum,f
WAF,AF,25/07/2012,2012,7,146,5,b,w,Lasioglossum_malachurum,Lasioglossum,malachurum,f
WAF,AF,25/07/2012,2012,7,146,5,b,w,Lasioglossum_morio,Lasioglossum,morio,f
WAF,AF,25/07/2012,2012,7,146,5,a,y,Lasioglossum_calceatum,Lasioglossum,calceatum,f
WAF,AF,25/07/2012,2012,7,146,5,a,y,Lasioglossum_malachurum,Lasioglossum,malachurum,f
WAF,AF,25/07/2012,2012,7,146,5,b,y,Lasioglossum_morio,Lasioglossum,morio,f
WAF,AF,25/07/2012,2012,7,146,6,a,b,Hylaeus_confusus,Hylaeus,confusus,f
WAF,AF,25/07/2012,2012,7,146,6,b,b,Halictus_tumulorum,Halictus,tumulorum,f
WAF,AF,25/07/2012,2012,7,146,6,a,y,Lasioglossum_pauxillum,Lasioglossum,pauxillum,f
WAF,AF,25/07/2012,2012,7,146,6,b,y,Lasioglossum_pauxillum,Lasioglossum,pauxillum,f
WAF,AF,25/07/2012,2012,7,146,6,b,y,Lasioglossum_pauxillum,Lasioglossum,pauxillum,f
WAF,AF,25/07/2012,2012,7,146,6,b,y,Hylaeus_confusus,Hylaeus,confusus,f
WAF,AF,10/08/2012,2012,8,162,2,a,w,Lasioglossum_pauxillum,Lasioglossum,pauxillum,f
WAF,AF,10/08/2012,2012,8,162,2,b,y,Lasioglossum_malachurum,Lasioglossum,malachurum,f
WAF,AF,10/08/2012,2012,8,162,2,b,y,Andrena_flavipes,Andrena,flavipes,f
WAF,AF,10/08/2012,2012,8,162,3,a,y,Andrena_minutula,Andrena,minutula,f
WAF,AF,10/08/2012,2012,8,162,4,a,y,Lasioglossum_malachurum,Lasioglossum,malachurum,f
WAF,AF,10/08/2012,2012,8,162,4,b,y,Lasioglossum_malachurum,Lasioglossum,malachurum,f
WAF,AF,10/08/2012,2012,8,162,4,b,y,Lasioglossum_pauperatum,Lasioglossum,pauperatum,f
WAF,AF,10/08/2012,2012,8,162,5,a,b,Lasioglossum_pauxillum,Lasioglossum,pauxillum,f
WAF,AF,10/08/2012,2012,8,162,5,b,y,Lasioglossum_pauxillum,Lasioglossum,pauxillum,f
WAF,AF,10/08/2012,2012,8,162,6,b,b,Lasioglossum_malachurum,Lasioglossum,malachurum,f
WAF,AF,10/08/2012,2012,8,162,6,b,b,Andrena_minutula,Andrena,minutula,f
WAF,AF,10/08/2012,2012,8,162,6,a,y,Andrena_flavipes,Andrena,flavipes,f
WAF,AF,10/08/2012,2012,8,162,6,a,y,Lasioglossum_pauxillum,Lasioglossum,pauxillum,f
WAF,AF,10/08/2012,2012,8,162,6,b,y,Andrena_flavipes,Andrena,flavipes,f
WAF,AF,23/08/2012,2012,8,175,1,a,w,Lasioglossum_calceatum,Lasioglossum,calceatum,m
WAF,AF,23/08/2012,2012,8,175,3,a,y,Megachile_ligniseca,Megachile,ligniseca,m
WAF,AF,23/08/2012,2012,8,175,3,b,y,Lasioglossum_malachurum,Lasioglossum,malachurum,f
WAF,AF,23/08/2012,2012,8,175,4,b,y,Andrena_minutula,Andrena,minutula,m
WAF,AF,23/08/2012,2012,8,175,5,a,y,Lasioglossum_pauxillum,Lasioglossum,pauxillum,f
WAF,AF,23/08/2012,2012,8,175,5,a,y,Lasioglossum_pauxillum,Lasioglossum,pauxillum,f
WAF,AF,23/08/2012,2012,8,175,5,b,y,Lasioglossum_pauxillum,Lasioglossum,pauxillum,f
WAF,AF,23/08/2012,2012,8,175,5,b,y,Andrena_minutula,Andrena,minutula,f
WAF,AF,23/08/2012,2012,8,175,5,b,y,Andrena_minutula,Andrena,minutula,f
WAF,AF,23/08/2012,2012,8,175,6,b,y,Lasioglossum_pauxillum,Lasioglossum,pauxillum,f
WAF,AF,23/08/2012,2012,8,175,6,b,y,Andrena_minutula,Andrena,minutula,f
WAF,AF,19/09/2012,2012,9,202,6,b,y,Lasioglossum_pauxillum,Lasioglossum,pauxillum,f
WAF,AF,25/04/2013,2013,4,55,1,a,w,Andrena_haemorrhoa,Andrena,haemorrhoa,m
WAF,AF,25/04/2013,2013,4,55,1,a,w,Nomada_goodeniana,Nomada,goodeniana,f
WAF,AF,25/04/2013,2013,4,55,1,a,y,Andrena_haemorrhoa,Andrena,haemorrhoa,m
WAF,AF,25/04/2013,2013,4,55,1,b,y,Andrena_haemorrhoa,Andrena,haemorrhoa,m
WAF,AF,25/04/2013,2013,4,55,1,b,y,Andrena_nitida,Andrena,nitida,m
WAF,AF,25/04/2013,2013,4,55,2,b,b,Andrena_haemorrhoa,Andrena,haemorrhoa,f
WAF,AF,25/04/2013,2013,4,55,2,a,y,Andrena_cineraria,Andrena,cineraria,m
WAF,AF,25/04/2013,2013,4,55,2,a,y,Andrena_nitida,Andrena,nitida,m
WAF,AF,25/04/2013,2013,4,55,2,a,y,Andrena_nitida,Andrena,nitida,m
WAF,AF,25/04/2013,2013,4,55,2,a,y,Andrena_chrysosceles,Andrena,chrysosceles,m
WAF,AF,25/04/2013,2013,4,55,2,a,y,Andrena_fulva,Andrena,fulva,m
WAF,AF,25/04/2013,2013,4,55,2,a,y,Andrena_haemorrhoa,Andrena,haemorrhoa,m
WAF,AF,25/04/2013,2013,4,55,2,a,y,Andrena_haemorrhoa,Andrena,haemorrhoa,m
WAF,AF,25/04/2013,2013,4,55,2,a,y,Andrena_haemorrhoa,Andrena,haemorrhoa,m
WAF,AF,25/04/2013,2013,4,55,2,a,y,Andrena_haemorrhoa,Andrena,haemorrhoa,m
WAF,AF,25/04/2013,2013,4,55,2,a,y,Andrena_haemorrhoa,Andrena,haemorrhoa,m
WAF,AF,25/04/2013,2013,4,55,2,a,y,Andrena_haemorrhoa,Andrena,haemorrhoa,m
WAF,AF,25/04/2013,2013,4,55,2,a,y,Andrena_haemorrhoa,Andrena,haemorrhoa,m
WAF,AF,25/04/2013,2013,4,55,2,a,y,Andrena_haemorrhoa,Andrena,haemorrhoa,m
WAF,AF,25/04/2013,2013,4,55,2,a,y,Andrena_haemorrhoa,Andrena,haemorrhoa,m
WAF,AF,25/04/2013,2013,4,55,2,a,y,Andrena_haemorrhoa,Andrena,haemorrhoa,m
WAF,AF,25/04/2013,2013,4,55,2,a,y,Andrena_haemorrhoa,Andrena,haemorrhoa,m
WAF,AF,25/04/2013,2013,4,55,2,a,y,Andrena_haemorrhoa,Andrena,haemorrhoa,m
WAF,AF,25/04/2013,2013,4,55,2,a,y,Andrena_haemorrhoa,Andrena,haemorrhoa,m
WAF,AF,25/04/2013,2013,4,55,2,a,y,Andrena_haemorrhoa,Andrena,haemorrhoa,m
WAF,AF,25/04/2013,2013,4,55,2,a,y,Andrena_haemorrhoa,Andrena,haemorrhoa,m
WAF,AF,25/04/2013,2013,4,55,2,a,y,Andrena_haemorrhoa,Andrena,haemorrhoa,m
WAF,AF,25/04/2013,2013,4,55,2,a,y,Andrena_haemorrhoa,Andrena,haemorrhoa,m
WAF,AF,25/04/2013,2013,4,55,2,a,y,Andrena_haemorrhoa,Andrena,haemorrhoa,m
WAF,AF,25/04/2013,2013,4,55,2,a,y,Andrena_haemorrhoa,Andrena,haemorrhoa,m
WAF,AF,25/04/2013,2013,4,55,2,a,y,Andrena_haemorrhoa,Andrena,haemorrhoa,m
WAF,AF,25/04/2013,2013,4,55,2,a,y,Andrena_haemorrhoa,Andrena,haemorrhoa,m
WAF,AF,25/04/2013,2013,4,55,2,b,y,Andrena_chrysosceles,Andrena,chrysosceles,f
WAF,AF,25/04/2013,2013,4,55,2,b,y,Andrena_chrysosceles,Andrena,chrysosceles,f
WAF,AF,25/04/2013,2013,4,55,2,b,y,Andrena_haemorrhoa,Andrena,haemorrhoa,m
WAF,AF,25/04/2013,2013,4,55,3,a,w,Andrena_chrysosceles,Andrena,chrysosceles,f
WAF,AF,25/04/2013,2013,4,55,3,b,w,Andrena_haemorrhoa,Andrena,haemorrhoa,m
WAF,AF,25/04/2013,2013,4,55,3,b,w,Andrena_nitida,Andrena,nitida,m
WAF,AF,25/04/2013,2013,4,55,3,a,y,Andrena_fulva,Andrena,fulva,m
WAF,AF,25/04/2013,2013,4,55,3,a,y,Andrena_fulva,Andrena,fulva,m
WAF,AF,25/04/2013,2013,4,55,3,a,y,Andrena_chrysosceles,Andrena,chrysosceles,m
WAF,AF,25/04/2013,2013,4,55,3,a,y,Andrena_chrysosceles,Andrena,chrysosceles,m
WAF,AF,25/04/2013,2013,4,55,3,a,y,Andrena_chrysosceles,Andrena,chrysosceles,m
WAF,AF,25/04/2013,2013,4,55,3,a,y,Andrena_haemorrhoa,Andrena,haemorrhoa,m
WAF,AF,25/04/2013,2013,4,55,3,a,y,Andrena_haemorrhoa,Andrena,haemorrhoa,m
WAF,AF,25/04/2013,2013,4,55,3,a,y,Andrena_haemorrhoa,Andrena,haemorrhoa,m
WAF,AF,25/04/2013,2013,4,55,3,a,y,Andrena_haemorrhoa,Andrena,haemorrhoa,m
WAF,AF,25/04/2013,2013,4,55,3,a,y,Andrena_haemorrhoa,Andrena,haemorrhoa,m
WAF,AF,25/04/2013,2013,4,55,3,a,y,Andrena_haemorrhoa,Andrena,haemorrhoa,m
WAF,AF,25/04/2013,2013,4,55,3,a,y,Andrena_haemorrhoa,Andrena,haemorrhoa,m
WAF,AF,25/04/2013,2013,4,55,3,a,y,Andrena_haemorrhoa,Andrena,haemorrhoa,m
WAF,AF,25/04/2013,2013,4,55,3,b,y,Andrena_nitida,Andrena,nitida,f
WAF,AF,25/04/2013,2013,4,55,3,b,y,Andrena_nitida,Andrena,nitida,m
WAF,AF,25/04/2013,2013,4,55,3,b,y,Andrena_nitida,Andrena,nitida,m
WAF,AF,25/04/2013,2013,4,55,3,b,y,Andrena_nitida,Andrena,nitida,m
WAF,AF,25/04/2013,2013,4,55,3,b,y,Andrena_chrysosceles,Andrena,chrysosceles,f
WAF,AF,25/04/2013,2013,4,55,3,b,y,Andrena_haemorrhoa,Andrena,haemorrhoa,m
WAF,AF,25/04/2013,2013,4,55,3,b,y,Andrena_haemorrhoa,Andrena,haemorrhoa,m
WAF,AF,25/04/2013,2013,4,55,4,b,w,Andrena_nitida,Andrena,nitida,m
WAF,AF,25/04/2013,2013,4,55,4,a,y,Andrena_haemorrhoa,Andrena,haemorrhoa,m
WAF,AF,25/04/2013,2013,4,55,4,a,y,Andrena_haemorrhoa,Andrena,haemorrhoa,m
WAF,AF,25/04/2013,2013,4,55,4,a,y,Andrena_haemorrhoa,Andrena,haemorrhoa,m
WAF,AF,25/04/2013,2013,4,55,4,a,y,Andrena_varians,Andrena,varians,m
WAF,AF,25/04/2013,2013,4,55,4,a,y,Andrena_varians,Andrena,varians,m
WAF,AF,25/04/2013,2013,4,55,4,a,y,Andrena_chrysosceles,Andrena,chrysosceles,f
WAF,AF,25/04/2013,2013,4,55,4,b,y,Andrena_nigroaenea,Andrena,nigroaenea,f
WAF,AF,25/04/2013,2013,4,55,4,b,y,Andrena_dorsata,Andrena,dorsata,f
WAF,AF,25/04/2013,2013,4,55,4,b,y,Andrena_nitida,Andrena,nitida,m
WAF,AF,25/04/2013,2013,4,55,4,b,y,Andrena_haemorrhoa,Andrena,haemorrhoa,m
WAF,AF,25/04/2013,2013,4,55,4,b,y,Andrena_haemorrhoa,Andrena,haemorrhoa,m
WAF,AF,25/04/2013,2013,4,55,4,b,y,Andrena_haemorrhoa,Andrena,haemorrhoa,m
WAF,AF,25/04/2013,2013,4,55,4,b,y,Andrena_haemorrhoa,Andrena,haemorrhoa,m
WAF,AF,25/04/2013,2013,4,55,4,b,y,Andrena_haemorrhoa,Andrena,haemorrhoa,m
WAF,AF,25/04/2013,2013,4,55,4,b,y,Andrena_haemorrhoa,Andrena,haemorrhoa,m
WAF,AF,25/04/2013,2013,4,55,4,b,y,Andrena_haemorrhoa,Andrena,haemorrhoa,m
WAF,AF,25/04/2013,2013,4,55,4,b,y,Andrena_haemorrhoa,Andrena,haemorrhoa,m
WAF,AF,25/04/2013,2013,4,55,4,b,y,Andrena_haemorrhoa,Andrena,haemorrhoa,m
WAF,AF,25/04/2013,2013,4,55,4,b,y,Lasioglossum_malachurum,Lasioglossum,malachurum,f
WAF,AF,25/04/2013,2013,4,55,4,b,y,Lasioglossum_malachurum,Lasioglossum,malachurum,f
WAF,AF,25/04/2013,2013,4,55,5,a,b,Lasioglossum_malachurum,Lasioglossum,malachurum,f
WAF,AF,25/04/2013,2013,4,55,5,a,w,Lasioglossum_malachurum,Lasioglossum,malachurum,f
WAF,AF,25/04/2013,2013,4,55,5,a,y,Andrena_nitida,Andrena,nitida,f
WAF,AF,25/04/2013,2013,4,55,5,a,y,Andrena_nitida,Andrena,nitida,f
WAF,AF,25/04/2013,2013,4,55,5,a,y,Andrena_nitida,Andrena,nitida,m
WAF,AF,25/04/2013,2013,4,55,5,a,y,Andrena_nitida,Andrena,nitida,m
WAF,AF,25/04/2013,2013,4,55,5,a,y,Andrena_nitida,Andrena,nitida,m
WAF,AF,25/04/2013,2013,4,55,5,a,y,Andrena_nitida,Andrena,nitida,m
WAF,AF,25/04/2013,2013,4,55,5,a,y,Andrena_haemorrhoa,Andrena,haemorrhoa,m
WAF,AF,25/04/2013,2013,4,55,5,a,y,Andrena_haemorrhoa,Andrena,haemorrhoa,m
WAF,AF,25/04/2013,2013,4,55,5,a,y,Andrena_haemorrhoa,Andrena,haemorrhoa,m
WAF,AF,25/04/2013,2013,4,55,5,b,y,Andrena_haemorrhoa,Andrena,haemorrhoa,m
WAF,AF,25/04/2013,2013,4,55,5,b,y,Andrena_haemorrhoa,Andrena,haemorrhoa,m
WAF,AF,25/04/2013,2013,4,55,5,b,y,Andrena_haemorrhoa,Andrena,haemorrhoa,m
WAF,AF,25/04/2013,2013,4,55,5,b,y,Andrena_haemorrhoa,Andrena,haemorrhoa,m
WAF,AF,25/04/2013,2013,4,55,5,b,y,Andrena_haemorrhoa,Andrena,haemorrhoa,m
WAF,AF,25/04/2013,2013,4,55,5,b,y,Andrena_haemorrhoa,Andrena,haemorrhoa,m
WAF,AF,25/04/2013,2013,4,55,5,b,y,Andrena_chrysosceles,Andrena,chrysosceles,m
WAF,AF,25/04/2013,2013,4,55,5,b,y,Andrena_chrysosceles,Andrena,chrysosceles,m
WAF,AF,25/04/2013,2013,4,55,5,b,y,Halictus_tumulorum,Halictus,tumulorum,f
WAF,AF,25/04/2013,2013,4,55,6,a,w,Andrena_chrysosceles,Andrena,chrysosceles,f
WAF,AF,25/04/2013,2013,4,55,6,a,y,Andrena_fulva,Andrena,fulva,f
WAF,AF,25/04/2013,2013,4,55,6,a,y,Andrena_bicolor,Andrena,bicolor,f
WAF,AF,25/04/2013,2013,4,55,6,a,y,Andrena_nitida,Andrena,nitida,m
WAF,AF,25/04/2013,2013,4,55,6,a,y,Andrena_nitida,Andrena,nitida,m
WAF,AF,25/04/2013,2013,4,55,6,a,y,Andrena_minutula,Andrena,minutula,f
WAF,AF,25/04/2013,2013,4,55,6,a,y,Andrena_haemorrhoa,Andrena,haemorrhoa,m
WAF,AF,25/04/2013,2013,4,55,6,a,y,Andrena_haemorrhoa,Andrena,haemorrhoa,m
WAF,AF,25/04/2013,2013,4,55,6,a,y,Andrena_haemorrhoa,Andrena,haemorrhoa,m
WAF,AF,25/04/2013,2013,4,55,6,a,y,Andrena_haemorrhoa,Andrena,haemorrhoa,m
WAF,AF,25/04/2013,2013,4,55,6,a,y,Andrena_haemorrhoa,Andrena,haemorrhoa,m
WAF,AF,25/04/2013,2013,4,55,6,a,y,Andrena_haemorrhoa,Andrena,haemorrhoa,m
WAF,AF,25/04/2013,2013,4,55,6,a,y,Andrena_haemorrhoa,Andrena,haemorrhoa,m
WAF,AF,25/04/2013,2013,4,55,6,a,y,Andrena_haemorrhoa,Andrena,haemorrhoa,m
WAF,AF,25/04/2013,2013,4,55,6,a,y,Andrena_haemorrhoa,Andrena,haemorrhoa,m
WAF,AF,25/04/2013,2013,4,55,6,a,y,Andrena_haemorrhoa,Andrena,haemorrhoa,m
WAF,AF,25/04/2013,2013,4,55,6,a,y,Andrena_haemorrhoa,Andrena,haemorrhoa,m
WAF,AF,25/04/2013,2013,4,55,6,a,y,Andrena_haemorrhoa,Andrena,haemorrhoa,m
WAF,AF,25/04/2013,2013,4,55,6,a,y,Andrena_haemorrhoa,Andrena,haemorrhoa,m
WAF,AF,25/04/2013,2013,4,55,6,a,y,Andrena_haemorrhoa,Andrena,haemorrhoa,m
WAF,AF,25/04/2013,2013,4,55,6,a,y,Andrena_haemorrhoa,Andrena,haemorrhoa,m
WAF,AF,25/04/2013,2013,4,55,6,a,y,Andrena_haemorrhoa,Andrena,haemorrhoa,m
WAF,AF,25/04/2013,2013,4,55,6,a,y,Andrena_haemorrhoa,Andrena,haemorrhoa,m
WAF,AF,25/04/2013,2013,4,55,6,a,y,Andrena_haemorrhoa,Andrena,haemorrhoa,m
WAF,AF,25/04/2013,2013,4,55,6,b,y,Andrena_haemorrhoa,Andrena,haemorrhoa,m
WAF,AF,25/04/2013,2013,4,55,6,b,y,Andrena_haemorrhoa,Andrena,haemorrhoa,m
WAF,AF,25/04/2013,2013,4,55,6,b,y,Andrena_haemorrhoa,Andrena,haemorrhoa,m
WAF,AF,25/04/2013,2013,4,55,6,b,y,Andrena_haemorrhoa,Andrena,haemorrhoa,m
WAF,AF,25/04/2013,2013,4,55,6,b,y,Andrena_haemorrhoa,Andrena,haemorrhoa,m
WAF,AF,25/04/2013,2013,4,55,6,b,y,Andrena_haemorrhoa,Andrena,haemorrhoa,m
WAF,AF,25/04/2013,2013,4,55,6,b,y,Andrena_haemorrhoa,Andrena,haemorrhoa,m
WAF,AF,25/04/2013,2013,4,55,6,b,y,Andrena_haemorrhoa,Andrena,haemorrhoa,m
WAF,AF,25/04/2013,2013,4,55,6,b,y,Andrena_haemorrhoa,Andrena,haemorrhoa,m
WAF,AF,25/04/2013,2013,4,55,6,b,y,Andrena_haemorrhoa,Andrena,haemorrhoa,m
WAF,AF,25/04/2013,2013,4,55,6,b,y,Andrena_haemorrhoa,Andrena,haemorrhoa,m
WAF,AF,25/04/2013,2013,4,55,6,b,y,Andrena_haemorrhoa,Andrena,haemorrhoa,m
WAF,AF,25/04/2013,2013,4,55,6,b,y,Andrena_haemorrhoa,Andrena,haemorrhoa,m
WAF,AF,25/04/2013,2013,4,55,6,b,y,Andrena_haemorrhoa,Andrena,haemorrhoa,m
WAF,AF,25/04/2013,2013,4,55,6,b,y,Andrena_haemorrhoa,Andrena,haemorrhoa,m
WAF,AF,25/04/2013,2013,4,55,6,b,y,Andrena_haemorrhoa,Andrena,haemorrhoa,m
WAF,AF,25/04/2013,2013,4,55,6,b,y,Andrena_haemorrhoa,Andrena,haemorrhoa,m
WAF,AF,25/04/2013,2013,4,55,6,b,y,Andrena_haemorrhoa,Andrena,haemorrhoa,m
WAF,AF,25/04/2013,2013,4,55,6,b,y,Andrena_haemorrhoa,Andrena,haemorrhoa,m
WAF,AF,25/04/2013,2013,4,55,6,b,y,Andrena_nitida,Andrena,nitida,m
WAF,AF,25/04/2013,2013,4,55,6,b,y,Andrena_nitida,Andrena,nitida,m
WAF,AF,25/04/2013,2013,4,55,6,b,y,Andrena_nitida,Andrena,nitida,m
WAF,AF,25/04/2013,2013,4,55,6,b,y,Andrena_nigroaenea,Andrena,nigroaenea,m
WAF,AF,25/04/2013,2013,4,55,6,b,y,Andrena_nigroaenea,Andrena,nigroaenea,m
WAF,AF,25/04/2013,2013,4,55,6,b,y,Andrena_nigroaenea,Andrena,nigroaenea,m
WAF,AF,25/04/2013,2013,4,55,6,b,y,Andrena_praecox,Andrena,praecox,m
WAF,AF,25/04/2013,2013,4,55,6,b,y,Andrena_nigroaenea,Andrena,nigroaenea,f
WAF,AF,25/04/2013,2013,4,55,6,b,y,Andrena_varians,Andrena,varians,m
WAF,AF,25/04/2013,2013,4,55,6,b,y,Andrena_varians,Andrena,varians,m
WAF,AF,25/04/2013,2013,4,55,6,b,y,Andrena_chrysosceles,Andrena,chrysosceles,m
WAF,AF,25/04/2013,2013,4,55,6,b,y,Andrena_chrysosceles,Andrena,chrysosceles,m
WAF,AF,25/04/2013,2013,4,55,6,b,y,Andrena_chrysosceles,Andrena,chrysosceles,m
WAF,AF,25/04/2013,2013,4,55,6,b,y,Andrena_chrysosceles,Andrena,chrysosceles,m
WAF,MC,06/05/2011,2011,5,66,4,NA,y,Halictus_tumulorum,Halictus,tumulorum,f
WAF,MC,06/05/2011,2011,5,66,6,NA,w,Lasioglossum_lativentre,Lasioglossum,lativentre,f
WAF,MC,06/05/2011,2011,5,66,6,NA,y,Andrena_nigroaenea,Andrena,nigroaenea,m
WAF,MC,02/06/2011,2011,6,93,1,NA,b,Andrena_nigroaenea,Andrena,nigroaenea,f
WAF,MC,02/06/2011,2011,6,93,2,NA,b,Andrena_nigroaenea,Andrena,nigroaenea,f
WAF,MC,02/06/2011,2011,6,93,2,NA,b,Andrena_nigroaenea,Andrena,nigroaenea,f
WAF,MC,02/06/2011,2011,6,93,2,NA,w,Lasioglossum_lativentre,Lasioglossum,lativentre,f
WAF,MC,02/06/2011,2011,6,93,2,NA,w,Lasioglossum_lativentre,Lasioglossum,lativentre,f
WAF,MC,02/06/2011,2011,6,93,2,NA,w,Andrena_nigroaenea,Andrena,nigroaenea,f
WAF,MC,02/06/2011,2011,6,93,3,NA,w,Andrena_nigroaenea,Andrena,nigroaenea,f
WAF,MC,02/06/2011,2011,6,93,3,NA,y,Lasioglossum_calceatum,Lasioglossum,calceatum,f
WAF,MC,02/06/2011,2011,6,93,6,NA,y,Lasioglossum_malachurum,Lasioglossum,malachurum,f
WAF,MC,07/07/2011,2011,7,128,2,NA,w,Andrena_dorsata,Andrena,dorsata,f
WAF,MC,07/07/2011,2011,7,128,5,NA,y,Lasioglossum_malachurum,Lasioglossum,malachurum,f
WAF,MC,01/06/2012,2012,6,92,1,a,w,Andrena_nitida,Andrena,nitida,f
WAF,MC,01/06/2012,2012,6,92,1,a,y,Andrena_nitida,Andrena,nitida,f
WAF,MC,01/06/2012,2012,6,92,1,a,y,Andrena_helvola,Andrena,helvola,f
WAF,MC,01/06/2012,2012,6,92,1,b,y,Andrena_nitida,Andrena,nitida,f
WAF,MC,01/06/2012,2012,6,92,1,b,y,Andrena_nitida,Andrena,nitida,f
WAF,MC,01/06/2012,2012,6,92,1,b,y,Andrena_nitida,Andrena,nitida,f
WAF,MC,01/06/2012,2012,6,92,1,b,y,Andrena_haemorrhoa,Andrena,haemorrhoa,f
WAF,MC,01/06/2012,2012,6,92,1,b,y,Andrena_carantonica,Andrena,carantonica,f
WAF,MC,01/06/2012,2012,6,92,2,b,y,Andrena_nitida,Andrena,nitida,f
WAF,MC,01/06/2012,2012,6,92,2,b,y,Andrena_nitida,Andrena,nitida,f
WAF,MC,01/06/2012,2012,6,92,2,b,y,Andrena_nitida,Andrena,nitida,f
WAF,MC,01/06/2012,2012,6,92,2,b,y,Andrena_nigroaenea,Andrena,nigroaenea,f
WAF,MC,01/06/2012,2012,6,92,2,b,y,Andrena_carantonica,Andrena,carantonica,f
WAF,MC,01/06/2012,2012,6,92,3,b,w,Andrena_nitida,Andrena,nitida,f
WAF,MC,01/06/2012,2012,6,92,3,a,y,Andrena_haemorrhoa,Andrena,haemorrhoa,f
WAF,MC,01/06/2012,2012,6,92,3,b,y,Andrena_nitida,Andrena,nitida,f
WAF,MC,01/06/2012,2012,6,92,4,a,b,Andrena_nitida,Andrena,nitida,f
WAF,MC,01/06/2012,2012,6,92,4,a,w,Andrena_nitida,Andrena,nitida,f
WAF,MC,01/06/2012,2012,6,92,4,a,y,Andrena_haemorrhoa,Andrena,haemorrhoa,f
WAF,MC,01/06/2012,2012,6,92,4,a,y,Andrena_haemorrhoa,Andrena,haemorrhoa,f
WAF,MC,01/06/2012,2012,6,92,4,a,y,Andrena_nigroaenea,Andrena,nigroaenea,f
WAF,MC,01/06/2012,2012,6,92,5,b,y,Andrena_nigroaenea,Andrena,nigroaenea,f
WAF,MC,01/06/2012,2012,6,92,5,b,y,Andrena_nigroaenea,Andrena,nigroaenea,f
WAF,MC,01/06/2012,2012,6,92,5,b,y,Andrena_nigroaenea,Andrena,nigroaenea,f
WAF,MC,01/06/2012,2012,6,92,5,b,y,Andrena_nitida,Andrena,nitida,f
WAF,MC,01/06/2012,2012,6,92,6,a,w,Andrena_haemorrhoa,Andrena,haemorrhoa,f
WAF,MC,01/06/2012,2012,6,92,6,a,w,Andrena_chrysosceles,Andrena,chrysosceles,f
WAF,MC,01/06/2012,2012,6,92,6,b,w,Andrena_nitida,Andrena,nitida,f
WAF,MC,01/06/2012,2012,6,92,6,a,y,Andrena_haemorrhoa,Andrena,haemorrhoa,m
WAF,MC,01/06/2012,2012,6,92,6,a,y,Andrena_nitida,Andrena,nitida,f
WAF,MC,01/06/2012,2012,6,92,6,a,y,Andrena_nitida,Andrena,nitida,f
WAF,MC,01/06/2012,2012,6,92,6,a,y,Andrena_haemorrhoa,Andrena,haemorrhoa,f
WAF,MC,01/06/2012,2012,6,92,6,b,y,Andrena_nigroaenea,Andrena,nigroaenea,f
WAF,MC,01/06/2012,2012,6,92,6,b,y,Andrena_nigroaenea,Andrena,nigroaenea,f
WAF,MC,28/06/2012,2012,6,119,1,b,y,Lasioglossum_pauxillum,Lasioglossum,pauxillum,f
WAF,MC,28/06/2012,2012,6,119,2,a,w,Andrena_chrysosceles,Andrena,chrysosceles,f
WAF,MC,28/06/2012,2012,6,119,2,b,y,Lasioglossum_pauperatum,Lasioglossum,pauperatum,f
WAF,MC,28/06/2012,2012,6,119,4,b,b,Lasioglossum_malachurum,Lasioglossum,malachurum,f
WAF,MC,28/06/2012,2012,6,119,5,a,w,Andrena_nigroaenea,Andrena,nigroaenea,f
WAF,MC,28/06/2012,2012,6,119,5,a,y,Andrena_haemorrhoa,Andrena,haemorrhoa,f
WAF,MC,28/06/2012,2012,6,119,6,a,y,Andrena_haemorrhoa,Andrena,haemorrhoa,f
WAF,MC,25/07/2012,2012,7,146,1,a,b,Lasioglossum_morio,Lasioglossum,morio,f
WAF,MC,25/07/2012,2012,7,146,1,b,b,Lasioglossum_malachurum,Lasioglossum,malachurum,f
WAF,MC,25/07/2012,2012,7,146,1,b,w,Lasioglossum_morio,Lasioglossum,morio,f
WAF,MC,25/07/2012,2012,7,146,1,b,w,Lasioglossum_malachurum,Lasioglossum,malachurum,f
WAF,MC,25/07/2012,2012,7,146,1,b,y,Lasioglossum_malachurum,Lasioglossum,malachurum,f
WAF,MC,25/07/2012,2012,7,146,1,b,y,Lasioglossum_malachurum,Lasioglossum,malachurum,f
WAF,MC,25/07/2012,2012,7,146,1,b,y,Lasioglossum_malachurum,Lasioglossum,malachurum,f
WAF,MC,25/07/2012,2012,7,146,2,a,w,Lasioglossum_malachurum,Lasioglossum,malachurum,f
WAF,MC,25/07/2012,2012,7,146,2,a,w,Lasioglossum_malachurum,Lasioglossum,malachurum,f
WAF,MC,25/07/2012,2012,7,146,2,a,y,Lasioglossum_pauxillum,Lasioglossum,pauxillum,f
WAF,MC,25/07/2012,2012,7,146,3,b,w,Lasioglossum_malachurum,Lasioglossum,malachurum,f
WAF,MC,25/07/2012,2012,7,146,3,b,y,Lasioglossum_malachurum,Lasioglossum,malachurum,f
WAF,MC,25/07/2012,2012,7,146,3,b,y,Lasioglossum_malachurum,Lasioglossum,malachurum,f
WAF,MC,25/07/2012,2012,7,146,3,b,y,Lasioglossum_malachurum,Lasioglossum,malachurum,f
WAF,MC,25/07/2012,2012,7,146,4,b,b,Lasioglossum_pauxillum,Lasioglossum,pauxillum,f
WAF,MC,25/07/2012,2012,7,146,4,b,b,Lasioglossum_morio,Lasioglossum,morio,f
WAF,MC,25/07/2012,2012,7,146,4,b,w,Lasioglossum_malachurum,Lasioglossum,malachurum,f
WAF,MC,25/07/2012,2012,7,146,4,a,y,Lasioglossum_pauxillum,Lasioglossum,pauxillum,f
WAF,MC,25/07/2012,2012,7,146,4,b,y,Lasioglossum_malachurum,Lasioglossum,malachurum,f
WAF,MC,25/07/2012,2012,7,146,4,b,y,Lasioglossum_malachurum,Lasioglossum,malachurum,f
WAF,MC,25/07/2012,2012,7,146,4,b,y,Lasioglossum_pauxillum,Lasioglossum,pauxillum,f
WAF,MC,25/07/2012,2012,7,146,5,a,b,Lasioglossum_pauxillum,Lasioglossum,pauxillum,f
WAF,MC,25/07/2012,2012,7,146,5,b,b,Lasioglossum_malachurum,Lasioglossum,malachurum,f
WAF,MC,25/07/2012,2012,7,146,5,b,b,Lasioglossum_malachurum,Lasioglossum,malachurum,f
WAF,MC,25/07/2012,2012,7,146,5,b,b,Lasioglossum_morio,Lasioglossum,morio,f
WAF,MC,25/07/2012,2012,7,146,5,b,b,Lasioglossum_morio,Lasioglossum,morio,f
WAF,MC,25/07/2012,2012,7,146,5,a,y,Lasioglossum_malachurum,Lasioglossum,malachurum,f
WAF,MC,25/07/2012,2012,7,146,5,b,y,Lasioglossum_malachurum,Lasioglossum,malachurum,f
WAF,MC,25/07/2012,2012,7,146,5,b,y,Lasioglossum_malachurum,Lasioglossum,malachurum,f
WAF,MC,25/07/2012,2012,7,146,5,b,y,Lasioglossum_malachurum,Lasioglossum,malachurum,f
WAF,MC,25/07/2012,2012,7,146,6,b,w,Lasioglossum_malachurum,Lasioglossum,malachurum,f
WAF,MC,25/07/2012,2012,7,146,6,b,w,Lasioglossum_malachurum,Lasioglossum,malachurum,f
WAF,MC,25/07/2012,2012,7,146,6,b,y,Lasioglossum_malachurum,Lasioglossum,malachurum,f
WAF,MC,23/08/2012,2012,8,175,2,b,y,Andrena_minutula,Andrena,minutula,f
WAF,MC,23/08/2012,2012,8,175,5,b,w,Lasioglossum_pauxillum,Lasioglossum,pauxillum,f
WAF,MC,19/09/2012,2012,9,202,1,b,b,Lasioglossum_pauxillum,Lasioglossum,pauxillum,f
WAF,MC,19/09/2012,2012,9,202,2,b,y,Lasioglossum_pauxillum,Lasioglossum,pauxillum,f
WAF,MC,19/09/2012,2012,9,202,2,b,y,Lasioglossum_malachurum,Lasioglossum,malachurum,f
WAF,MC,19/09/2012,2012,9,202,3,a,w,Lasioglossum_malachurum,Lasioglossum,malachurum,m
WAF,MC,19/09/2012,2012,9,202,4,b,b,Lasioglossum_pauxillum,Lasioglossum,pauxillum,f
WAF,MC,19/09/2012,2012,9,202,5,a,y,Lasioglossum_pauxillum,Lasioglossum,pauxillum,f
WAF,MC,19/09/2012,2012,9,202,5,b,y,Lasioglossum_pauxillum,Lasioglossum,pauxillum,f
WAF,MC,25/04/2013,2013,4,55,1,a,w,Andrena_haemorrhoa,Andrena,haemorrhoa,f
WAF,MC,25/04/2013,2013,4,55,1,a,y,Andrena_helvola,Andrena,helvola,f
WAF,MC,25/04/2013,2013,4,55,1,a,y,Andrena_haemorrhoa,Andrena,haemorrhoa,m
WAF,MC,25/04/2013,2013,4,55,1,a,y,Lasioglossum_malachurum,Lasioglossum,malachurum,f
WAF,MC,25/04/2013,2013,4,55,1,a,y,Lasioglossum_malachurum,Lasioglossum,malachurum,f
WAF,MC,25/04/2013,2013,4,55,2,a,b,Lasioglossum_malachurum,Lasioglossum,malachurum,f
WAF,MC,25/04/2013,2013,4,55,2,b,y,Andrena_bicolor,Andrena,bicolor,f
WAF,MC,25/04/2013,2013,4,55,3,a,w,Andrena_bicolor,Andrena,bicolor,f
WAF,MC,25/04/2013,2013,4,55,3,a,y,Andrena_minutula,Andrena,minutula,m
WAF,MC,25/04/2013,2013,4,55,3,b,y,Halictus_tumulorum,Halictus,tumulorum,f
WAF,MC,25/04/2013,2013,4,55,3,b,y,Lasioglossum_pauxillum,Lasioglossum,pauxillum,f
WAF,MC,25/04/2013,2013,4,55,4,a,y,Andrena_chrysosceles,Andrena,chrysosceles,m
WAF,MC,25/04/2013,2013,4,55,4,b,y,Andrena_nigroaenea,Andrena,nigroaenea,f
WAF,MC,25/04/2013,2013,4,55,4,b,y,Andrena_chrysosceles,Andrena,chrysosceles,f
WAF,MC,25/04/2013,2013,4,55,4,b,y,Lasioglossum_malachurum,Lasioglossum,malachurum,f
WAF,MC,25/04/2013,2013,4,55,4,b,y,Halictus_tumulorum,Halictus,tumulorum,f
WAF,MC,25/04/2013,2013,4,55,5,a,y,Andrena_dorsata,Andrena,dorsata,f
WAF,MC,25/04/2013,2013,4,55,5,a,y,Andrena_minutula,Andrena,minutula,f
WAF,MC,25/04/2013,2013,4,55,5,b,y,Andrena_nitida,Andrena,nitida,f
WAF,MC,25/04/2013,2013,4,55,6,b,w,Nomada_flavoguttata,Nomada,flavoguttata,f
WAF,MC,25/04/2013,2013,4,55,6,a,y,Andrena_bicolor,Andrena,bicolor,f
WAF,MC,25/04/2013,2013,4,55,6,b,y,Andrena_haemorrhoa,Andrena,haemorrhoa,m
WAF,MC,25/04/2013,2013,4,55,6,b,y,Andrena_haemorrhoa,Andrena,haemorrhoa,m
WAF,MC,25/04/2013,2013,4,55,6,b,y,Andrena_praecox,Andrena,praecox,f
WH,AF,06/04/2011,2011,4,36,1,NA,b,Andrena_nigroaenea,Andrena,nigroaenea,f
WH,AF,06/04/2011,2011,4,36,1,NA,b,Andrena_nigroaenea,Andrena,nigroaenea,f
WH,AF,06/04/2011,2011,4,36,1,NA,b,Andrena_nigroaenea,Andrena,nigroaenea,f
WH,AF,06/04/2011,2011,4,36,1,NA,b,Andrena_nigroaenea,Andrena,nigroaenea,f
WH,AF,06/04/2011,2011,4,36,1,NA,b,Andrena_nigroaenea,Andrena,nigroaenea,f
WH,AF,06/04/2011,2011,4,36,1,NA,w,Andrena_nigroaenea,Andrena,nigroaenea,f
WH,AF,06/04/2011,2011,4,36,1,NA,w,Lasioglossum_malachurum,Lasioglossum,malachurum,f
WH,AF,06/04/2011,2011,4,36,1,NA,w,Andrena_nigroaenea,Andrena,nigroaenea,f
WH,AF,06/04/2011,2011,4,36,1,NA,w,Andrena_nigroaenea,Andrena,nigroaenea,f
WH,AF,06/04/2011,2011,4,36,1,NA,y,Andrena_nigroaenea,Andrena,nigroaenea,m
WH,AF,06/04/2011,2011,4,36,1,NA,y,Andrena_nigroaenea,Andrena,nigroaenea,f
WH,AF,06/04/2011,2011,4,36,1,NA,y,Andrena_nigroaenea,Andrena,nigroaenea,f
WH,AF,06/04/2011,2011,4,36,2,NA,b,Andrena_nigroaenea,Andrena,nigroaenea,f
WH,AF,06/04/2011,2011,4,36,2,NA,b,Lasioglossum_calceatum,Lasioglossum,calceatum,f
WH,AF,06/04/2011,2011,4,36,2,NA,w,Andrena_nigroaenea,Andrena,nigroaenea,f
WH,AF,06/04/2011,2011,4,36,2,NA,w,Andrena_nigroaenea,Andrena,nigroaenea,f
WH,AF,06/04/2011,2011,4,36,2,NA,y,Andrena_nigroaenea,Andrena,nigroaenea,f
WH,AF,06/04/2011,2011,4,36,2,NA,y,Andrena_nigroaenea,Andrena,nigroaenea,f
WH,AF,06/04/2011,2011,4,36,2,NA,y,Andrena_nigroaenea,Andrena,nigroaenea,f
WH,AF,06/04/2011,2011,4,36,2,NA,y,Andrena_nigroaenea,Andrena,nigroaenea,f
WH,AF,06/04/2011,2011,4,36,2,NA,y,Andrena_nigroaenea,Andrena,nigroaenea,f
WH,AF,06/04/2011,2011,4,36,2,NA,y,Andrena_nigroaenea,Andrena,nigroaenea,f
WH,AF,06/04/2011,2011,4,36,2,NA,y,Andrena_nigroaenea,Andrena,nigroaenea,f
WH,AF,06/04/2011,2011,4,36,2,NA,y,Andrena_nigroaenea,Andrena,nigroaenea,f
WH,AF,06/04/2011,2011,4,36,2,NA,y,Andrena_nigroaenea,Andrena,nigroaenea,f
WH,AF,06/04/2011,2011,4,36,2,NA,y,Andrena_nigroaenea,Andrena,nigroaenea,f
WH,AF,06/04/2011,2011,4,36,2,NA,y,Andrena_nigroaenea,Andrena,nigroaenea,f
WH,AF,06/04/2011,2011,4,36,2,NA,y,Andrena_nigroaenea,Andrena,nigroaenea,f
WH,AF,06/04/2011,2011,4,36,3,NA,b,Andrena_bicolor,Andrena,bicolor,m
WH,AF,06/04/2011,2011,4,36,3,NA,b,Andrena_flavipes,Andrena,flavipes,f
WH,AF,06/04/2011,2011,4,36,3,NA,b,Andrena_nigroaenea,Andrena,nigroaenea,f
WH,AF,06/04/2011,2011,4,36,3,NA,y,Lasioglossum_calceatum,Lasioglossum,calceatum,f
WH,AF,06/04/2011,2011,4,36,3,NA,y,Andrena_nigroaenea,Andrena,nigroaenea,f
WH,AF,06/04/2011,2011,4,36,3,NA,y,Andrena_flavipes,Andrena,flavipes,f
WH,AF,06/04/2011,2011,4,36,3,NA,y,Andrena_nigroaenea,Andrena,nigroaenea,f
WH,AF,06/04/2011,2011,4,36,3,NA,y,Lasioglossum_malachurum,Lasioglossum,malachurum,f
WH,AF,06/04/2011,2011,4,36,3,NA,y,Andrena_nigroaenea,Andrena,nigroaenea,f
WH,AF,06/04/2011,2011,4,36,3,NA,y,Andrena_nigroaenea,Andrena,nigroaenea,f
WH,AF,06/04/2011,2011,4,36,3,NA,y,Andrena_nigroaenea,Andrena,nigroaenea,f
WH,AF,06/04/2011,2011,4,36,3,NA,y,Andrena_minutula,Andrena,minutula,m
WH,AF,06/04/2011,2011,4,36,3,NA,y,Lasioglossum_malachurum,Lasioglossum,malachurum,f
WH,AF,06/04/2011,2011,4,36,4,NA,w,Andrena_nigroaenea,Andrena,nigroaenea,f
WH,AF,06/04/2011,2011,4,36,4,NA,w,Andrena_nigroaenea,Andrena,nigroaenea,f
WH,AF,06/04/2011,2011,4,36,4,NA,w,Andrena_nigroaenea,Andrena,nigroaenea,f
WH,AF,06/04/2011,2011,4,36,4,NA,w,Andrena_nigroaenea,Andrena,nigroaenea,f
WH,AF,06/04/2011,2011,4,36,4,NA,w,Andrena_nigroaenea,Andrena,nigroaenea,f
WH,AF,06/04/2011,2011,4,36,4,NA,w,Andrena_bicolor,Andrena,bicolor,f
WH,AF,06/04/2011,2011,4,36,4,NA,y,Andrena_nigroaenea,Andrena,nigroaenea,f
WH,AF,06/04/2011,2011,4,36,4,NA,y,Andrena_nigroaenea,Andrena,nigroaenea,f
WH,AF,06/04/2011,2011,4,36,4,NA,y,Andrena_nigroaenea,Andrena,nigroaenea,f
WH,AF,06/04/2011,2011,4,36,4,NA,y,Andrena_nigroaenea,Andrena,nigroaenea,f
WH,AF,06/04/2011,2011,4,36,4,NA,y,Andrena_nigroaenea,Andrena,nigroaenea,f
WH,AF,06/04/2011,2011,4,36,4,NA,y,Andrena_nigroaenea,Andrena,nigroaenea,f
WH,AF,06/04/2011,2011,4,36,4,NA,y,Andrena_nigroaenea,Andrena,nigroaenea,f
WH,AF,06/04/2011,2011,4,36,4,NA,y,Andrena_nigroaenea,Andrena,nigroaenea,f
WH,AF,06/04/2011,2011,4,36,4,NA,y,Andrena_nigroaenea,Andrena,nigroaenea,f
WH,AF,06/04/2011,2011,4,36,4,NA,y,Andrena_nigroaenea,Andrena,nigroaenea,f
WH,AF,06/04/2011,2011,4,36,4,NA,y,Andrena_nigroaenea,Andrena,nigroaenea,f
WH,AF,06/04/2011,2011,4,36,4,NA,y,Andrena_nigroaenea,Andrena,nigroaenea,f
WH,AF,06/04/2011,2011,4,36,4,NA,y,Andrena_nigroaenea,Andrena,nigroaenea,f
WH,AF,06/04/2011,2011,4,36,4,NA,y,Andrena_nigroaenea,Andrena,nigroaenea,f
WH,AF,06/04/2011,2011,4,36,4,NA,y,Andrena_nigroaenea,Andrena,nigroaenea,f
WH,AF,06/04/2011,2011,4,36,4,NA,y,Andrena_nigroaenea,Andrena,nigroaenea,f
WH,AF,06/04/2011,2011,4,36,4,NA,y,Andrena_nigroaenea,Andrena,nigroaenea,f
WH,AF,06/04/2011,2011,4,36,4,NA,y,Andrena_nigroaenea,Andrena,nigroaenea,f
WH,AF,06/04/2011,2011,4,36,4,NA,y,Andrena_nigroaenea,Andrena,nigroaenea,m
WH,AF,06/04/2011,2011,4,36,4,NA,y,Andrena_nigroaenea,Andrena,nigroaenea,m
WH,AF,06/04/2011,2011,4,36,4,NA,y,Andrena_nigroaenea,Andrena,nigroaenea,m
WH,AF,06/04/2011,2011,4,36,4,NA,y,Lasioglossum_malachurum,Lasioglossum,malachurum,f
WH,AF,06/04/2011,2011,4,36,4,NA,y,Lasioglossum_malachurum,Lasioglossum,malachurum,f
WH,AF,06/04/2011,2011,4,36,4,NA,y,Lasioglossum_malachurum,Lasioglossum,malachurum,f
WH,AF,06/04/2011,2011,4,36,5,NA,b,Andrena_nigroaenea,Andrena,nigroaenea,f
WH,AF,06/04/2011,2011,4,36,5,NA,w,Andrena_nigroaenea,Andrena,nigroaenea,f
WH,AF,06/04/2011,2011,4,36,5,NA,w,Andrena_nigroaenea,Andrena,nigroaenea,f
WH,AF,06/04/2011,2011,4,36,5,NA,w,Andrena_nigroaenea,Andrena,nigroaenea,f
WH,AF,06/04/2011,2011,4,36,5,NA,w,Andrena_nigroaenea,Andrena,nigroaenea,f
WH,AF,06/04/2011,2011,4,36,5,NA,w,Andrena_nigroaenea,Andrena,nigroaenea,f
WH,AF,06/04/2011,2011,4,36,5,NA,w,Andrena_nigroaenea,Andrena,nigroaenea,f
WH,AF,06/04/2011,2011,4,36,5,NA,w,Andrena_haemorrhoa,Andrena,haemorrhoa,m
WH,AF,06/04/2011,2011,4,36,5,NA,w,Lasioglossum_malachurum,Lasioglossum,malachurum,f
WH,AF,06/04/2011,2011,4,36,5,NA,y,Andrena_haemorrhoa,Andrena,haemorrhoa,m
WH,AF,06/04/2011,2011,4,36,5,NA,y,Andrena_nigroaenea,Andrena,nigroaenea,f
WH,AF,06/04/2011,2011,4,36,5,NA,y,Andrena_nigroaenea,Andrena,nigroaenea,f
WH,AF,06/04/2011,2011,4,36,5,NA,y,Andrena_nigroaenea,Andrena,nigroaenea,f
WH,AF,06/04/2011,2011,4,36,6,NA,w,Andrena_nigroaenea,Andrena,nigroaenea,m
WH,AF,06/04/2011,2011,4,36,6,NA,y,Andrena_haemorrhoa,Andrena,haemorrhoa,m
WH,AF,06/04/2011,2011,4,36,6,NA,y,Lasioglossum_malachurum,Lasioglossum,malachurum,f
WH,AF,06/04/2011,2011,4,36,6,NA,y,Andrena_minutula,Andrena,minutula,m
WH,AF,06/04/2011,2011,4,36,6,NA,y,Andrena_haemorrhoa,Andrena,haemorrhoa,m
WH,AF,04/05/2011,2011,5,64,1,NA,w,Lasioglossum_villosulum,Lasioglossum,villosulum,f
WH,AF,04/05/2011,2011,5,64,4,NA,w,Lasioglossum_pauxillum,Lasioglossum,pauxillum,f
WH,AF,04/05/2011,2011,5,64,6,NA,w,Lasioglossum_leucopus,Lasioglossum,leucopus,f
WH,AF,04/05/2011,2011,5,64,6,NA,y,Lasioglossum_villosulum,Lasioglossum,villosulum,f
WH,AF,04/05/2011,2011,5,64,6,NA,y,Lasioglossum_malachurum,Lasioglossum,malachurum,f
WH,AF,03/06/2011,2011,6,94,3,NA,y,Andrena_nigroaenea,Andrena,nigroaenea,f
WH,AF,03/06/2011,2011,6,94,5,NA,b,Andrena_nigroaenea,Andrena,nigroaenea,f
WH,AF,03/06/2011,2011,6,94,5,NA,b,Lasioglossum_leucopus,Lasioglossum,leucopus,f
WH,AF,03/06/2011,2011,6,94,6,NA,y,Lasioglossum_leucopus,Lasioglossum,leucopus,f
WH,AF,03/06/2011,2011,6,94,6,NA,y,Lasioglossum_minutula,Lasioglossum,minutula,f
WH,AF,05/07/2011,2011,7,126,1,NA,b,Andrena_flavipes,Andrena,flavipes,f
WH,AF,05/07/2011,2011,7,126,2,NA,b,Andrena_flavipes,Andrena,flavipes,f
WH,AF,05/07/2011,2011,7,126,2,NA,b,Andrena_bicolor,Andrena,bicolor,f
WH,AF,05/07/2011,2011,7,126,3,NA,y,Andrena_flavipes,Andrena,flavipes,f
WH,AF,05/07/2011,2011,7,126,4,NA,b,Andrena_bicolor,Andrena,bicolor,f
WH,AF,05/07/2011,2011,7,126,4,NA,b,Andrena_bicolor,Andrena,bicolor,f
WH,AF,05/07/2011,2011,7,126,4,NA,b,Andrena_bicolor,Andrena,bicolor,f
WH,AF,05/07/2011,2011,7,126,4,NA,y,Andrena_flavipes,Andrena,flavipes,f
WH,AF,05/07/2011,2011,7,126,4,NA,y,Lasioglossum_malachurum,Lasioglossum,malachurum,f
WH,AF,05/07/2011,2011,7,126,4,NA,y,Lasioglossum_malachurum,Lasioglossum,malachurum,f
WH,AF,05/07/2011,2011,7,126,5,NA,y,Lasioglossum_calceatum,Lasioglossum,calceatum,f
WH,AF,05/07/2011,2011,7,126,5,NA,y,Andrena_bicolor,Andrena,bicolor,f
WH,AF,05/07/2011,2011,7,126,6,NA,b,Andrena_nigroaenea,Andrena,nigroaenea,f
WH,AF,05/07/2011,2011,7,126,6,NA,b,Andrena_bicolor,Andrena,bicolor,f
WH,AF,05/07/2011,2011,7,126,6,NA,y,Lasioglossum_malachurum,Lasioglossum,malachurum,f
WH,AF,05/07/2011,2011,7,126,6,NA,y,Lasioglossum_malachurum,Lasioglossum,malachurum,f
WH,AF,05/07/2011,2011,7,126,6,NA,y,Lasioglossum_malachurum,Lasioglossum,malachurum,f
WH,AF,05/07/2011,2011,7,126,6,NA,y,Lasioglossum_malachurum,Lasioglossum,malachurum,f
WH,AF,03/08/2011,2011,8,155,1,NA,b,Andrena_bicolor,Andrena,bicolor,f
WH,AF,03/08/2011,2011,8,155,1,NA,w,Andrena_minutula,Andrena,minutula,f
WH,AF,03/08/2011,2011,8,155,2,NA,w,Lasioglossum_calceatum,Lasioglossum,calceatum,f
WH,AF,03/08/2011,2011,8,155,3,NA,b,Andrena_bicolor,Andrena,bicolor,f
WH,AF,03/08/2011,2011,8,155,3,NA,b,Halictus_rubicundus,Halictus,rubicundus,f
WH,AF,03/08/2011,2011,8,155,3,NA,w,Lasioglossum_calceatum,Lasioglossum,calceatum,f
WH,AF,03/08/2011,2011,8,155,4,NA,w,Lasioglossum_calceatum,Lasioglossum,calceatum,f
WH,AF,03/08/2011,2011,8,155,4,NA,y,Lasioglossum_malachurum,Lasioglossum,malachurum,f
WH,AF,03/08/2011,2011,8,155,4,NA,y,Lasioglossum_malachurum,Lasioglossum,malachurum,f
WH,AF,03/08/2011,2011,8,155,4,NA,y,Lasioglossum_malachurum,Lasioglossum,malachurum,f
WH,AF,03/08/2011,2011,8,155,5,NA,b,Andrena_bicolor,Andrena,bicolor,f
WH,AF,03/08/2011,2011,8,155,5,NA,w,Lasioglossum_malachurum,Lasioglossum,malachurum,f
WH,AF,03/08/2011,2011,8,155,5,NA,y,Lasioglossum_malachurum,Lasioglossum,malachurum,f
WH,AF,03/08/2011,2011,8,155,5,NA,y,Andrena_bicolor,Andrena,bicolor,f
WH,AF,03/08/2011,2011,8,155,5,NA,y,Halictus_rubicundus,Halictus,rubicundus,f
WH,AF,03/08/2011,2011,8,155,6,NA,b,Lasioglossum_calceatum,Lasioglossum,calceatum,f
WH,AF,03/08/2011,2011,8,155,6,NA,y,Lasioglossum_malachurum,Lasioglossum,malachurum,f
WH,AF,03/08/2011,2011,8,155,6,NA,y,Lasioglossum_malachurum,Lasioglossum,malachurum,f
WH,AF,22/08/2011,2011,8,174,3,NA,b,Sphecodes_niger,Sphecodes,niger,f
WH,AF,22/08/2011,2011,8,174,3,NA,y,Lasioglossum_leucopus,Lasioglossum,leucopus,f
WH,AF,22/08/2011,2011,8,174,4,NA,w,Lasioglossum_leucopus,Lasioglossum,leucopus,f
WH,AF,30/05/2012,2012,5,90,1,b,y,Lasioglossum_malachurum,Lasioglossum,malachurum,f
WH,AF,30/05/2012,2012,5,90,2,a,y,Lasioglossum_malachurum,Lasioglossum,malachurum,f
WH,AF,30/05/2012,2012,5,90,2,b,y,Lasioglossum_leucopus,Lasioglossum,leucopus,f
WH,AF,27/06/2012,2012,6,118,2,b,b,Lasioglossum_lativentre,Lasioglossum,lativentre,f
WH,AF,24/07/2012,2012,7,145,1,b,y,Lasioglossum_malachurum,Lasioglossum,malachurum,f
WH,AF,24/07/2012,2012,7,145,2,a,w,Lasioglossum_semilaeve,Lasioglossum,semilaeve,f
WH,AF,24/07/2012,2012,7,145,2,a,y,Lasioglossum_malachurum,Lasioglossum,malachurum,f
WH,AF,24/07/2012,2012,7,145,3,b,y,Lasioglossum_malachurum,Lasioglossum,malachurum,f
WH,AF,24/07/2012,2012,7,145,3,b,y,Lasioglossum_malachurum,Lasioglossum,malachurum,f
WH,AF,24/07/2012,2012,7,145,4,b,w,Halictus_rubicundus,Halictus,rubicundus,f
WH,AF,24/07/2012,2012,7,145,5,a,b,Lasioglossum_calceatum,Lasioglossum,calceatum,f
WH,AF,24/07/2012,2012,7,145,5,b,y,Hylaeus_pectoralis,Hylaeus,pectoralis,f
WH,MC,06/04/2011,2011,4,36,1,NA,w,Andrena_nigroaenea,Andrena,nigroaenea,f
WH,MC,06/04/2011,2011,4,36,1,NA,y,Andrena_nigroaenea,Andrena,nigroaenea,f
WH,MC,06/04/2011,2011,4,36,2,NA,b,Andrena_nigroaenea,Andrena,nigroaenea,f
WH,MC,06/04/2011,2011,4,36,2,NA,y,Andrena_nigroaenea,Andrena,nigroaenea,f
WH,MC,06/04/2011,2011,4,36,2,NA,y,Andrena_nigroaenea,Andrena,nigroaenea,f
WH,MC,06/04/2011,2011,4,36,2,NA,y,Andrena_nigroaenea,Andrena,nigroaenea,f
WH,MC,06/04/2011,2011,4,36,2,NA,y,Andrena_nigroaenea,Andrena,nigroaenea,f
WH,MC,06/04/2011,2011,4,36,2,NA,y,Andrena_haemorrhoa,Andrena,haemorrhoa,m
WH,MC,06/04/2011,2011,4,36,2,NA,y,Andrena_nigroaenea,Andrena,nigroaenea,f
WH,MC,06/04/2011,2011,4,36,3,NA,y,Lasioglossum_malachurum,Lasioglossum,malachurum,f
WH,MC,06/04/2011,2011,4,36,3,NA,y,Andrena_nigroaenea,Andrena,nigroaenea,f
WH,MC,06/04/2011,2011,4,36,3,NA,y,Andrena_nigroaenea,Andrena,nigroaenea,f
WH,MC,06/04/2011,2011,4,36,4,NA,y,Andrena_bicolor,Andrena,bicolor,m
WH,MC,06/04/2011,2011,4,36,5,NA,w,Andrena_nigroaenea,Andrena,nigroaenea,f
WH,MC,06/04/2011,2011,4,36,5,NA,y,Andrena_haemorrhoa,Andrena,haemorrhoa,m
WH,MC,06/04/2011,2011,4,36,6,NA,b,Andrena_haemorrhoa,Andrena,haemorrhoa,m
WH,MC,04/05/2011,2011,5,64,1,NA,y,Lasioglossum_calceatum,Lasioglossum,calceatum,f
WH,MC,04/05/2011,2011,5,64,2,NA,y,Lasioglossum_malachurum,Lasioglossum,malachurum,f
WH,MC,04/05/2011,2011,5,64,2,NA,y,Andrena_nigroaenea,Andrena,nigroaenea,f
WH,MC,04/05/2011,2011,5,64,3,NA,y,Lasioglossum_malachurum,Lasioglossum,malachurum,f
WH,MC,04/05/2011,2011,5,64,4,NA,y,Lasioglossum_calceatum,Lasioglossum,calceatum,f
WH,MC,04/05/2011,2011,5,64,6,NA,y,Lasioglossum_calceatum,Lasioglossum,calceatum,f
WH,MC,04/05/2011,2011,5,64,6,NA,y,Lasioglossum_malachurum,Lasioglossum,malachurum,f
WH,MC,03/06/2011,2011,6,94,4,NA,y,Andrena_nigroaenea,Andrena,nigroaenea,f
WH,MC,03/06/2011,2011,6,94,4,NA,y,Andrena_nigroaenea,Andrena,nigroaenea,f
WH,MC,03/06/2011,2011,6,94,6,NA,y,Andrena_nigroaenea,Andrena,nigroaenea,f
WH,MC,03/06/2011,2011,6,94,6,NA,y,Andrena_nigroaenea,Andrena,nigroaenea,f
WH,MC,05/07/2011,2011,7,126,1,NA,w,Andrena_nigroaenea,Andrena,nigroaenea,f
WH,MC,03/08/2011,2011,8,155,1,NA,b,Andrena_bicolor,Andrena,bicolor,f
WH,MC,03/08/2011,2011,8,155,2,NA,y,Lasioglossum_malachurum,Lasioglossum,malachurum,f
WH,MC,03/08/2011,2011,8,155,3,NA,y,Lasioglossum_malachurum,Lasioglossum,malachurum,f
WH,MC,03/08/2011,2011,8,155,3,NA,y,Lasioglossum_malachurum,Lasioglossum,malachurum,f
WH,MC,03/08/2011,2011,8,155,4,NA,b,Andrena_bicolor,Andrena,bicolor,f
WH,MC,03/08/2011,2011,8,155,4,NA,b,Lasioglossum_malachurum,Lasioglossum,malachurum,f
WH,MC,03/08/2011,2011,8,155,5,NA,y,Lasioglossum_malachurum,Lasioglossum,malachurum,f
WH,MC,03/08/2011,2011,8,155,6,NA,w,Andrena_minutula,Andrena,minutula,f
WH,MC,22/08/2011,2011,8,174,1,NA,y,Lasioglossum_malachurum,Lasioglossum,malachurum,f
WH,MC,22/08/2011,2011,8,174,3,NA,y,Lasioglossum_calceatum,Lasioglossum,calceatum,f
WH,MC,22/08/2011,2011,8,174,4,NA,y,Lasioglossum_malachurum,Lasioglossum,malachurum,f
WH,MC,22/08/2011,2011,8,174,5,NA,y,Lasioglossum_malachurum,Lasioglossum,malachurum,f
WH,MC,30/05/2012,2012,5,90,5,b,w,Lasioglossum_calceatum,Lasioglossum,calceatum,f
WH,MC,24/07/2012,2012,7,145,1,b,w,Lasioglossum_calceatum,Lasioglossum,calceatum,f
WH,MC,24/07/2012,2012,7,145,1,a,y,Lasioglossum_calceatum,Lasioglossum,calceatum,f
WH,MC,24/07/2012,2012,7,145,1,b,y,Lasioglossum_malachurum,Lasioglossum,malachurum,f
WH,MC,24/07/2012,2012,7,145,3,a,w,Lasioglossum_calceatum,Lasioglossum,calceatum,f
WH,MC,24/07/2012,2012,7,145,3,b,w,Lasioglossum_calceatum,Lasioglossum,calceatum,f
WH,MC,24/07/2012,2012,7,145,3,b,w,Lasioglossum_calceatum,Lasioglossum,calceatum,f
WH,MC,24/07/2012,2012,7,145,3,b,w,Lasioglossum_calceatum,Lasioglossum,calceatum,f
WH,MC,24/07/2012,2012,7,145,3,a,y,Lasioglossum_malachurum,Lasioglossum,malachurum,f
WH,MC,24/07/2012,2012,7,145,5,a,w,Lasioglossum_malachurum,Lasioglossum,malachurum,f
WH,MC,24/07/2012,2012,7,145,5,b,y,Lasioglossum_calceatum,Lasioglossum,calceatum,f
WH,MC,24/07/2012,2012,7,145,5,b,y,Lasioglossum_calceatum,Lasioglossum,calceatum,f